cookie_id,score
ck_315fb710a0e371e7,0.0021035765460853395
ck_a76ee3b3e3e522fd,0.16002771996208387
ck_94c9a4d382689e82,0.017219294530349344
ck_8eaf9509ad9462a0,0.0017956061839013056
ck_9a88a5a989cb5bc6,0.01140022580027558
ck_15239ef0689c1a35,0.02033528290146975
ck_8de69cd219d3b87f,0.16342386624174918
ck_f92cd37022b0ce21,0.018740779921729896
ck_1a3ff7620580a514,0.006086576631254083
ck_397c03aa33a57310,0.11538887412798193
ck_a7cf6c3b322f6b7a,0.008272423983111822
ck_c39a9e75760e3201,0.004270024276822866
ck_88ab6d245228c38e,0.002046393198487816
ck_17733f75ebdea93e,0.005009810202126031
ck_58eb871e8d7bed52,0.1316966400452103
ck_e55b7fa67db1ec27,0.003324504188369807
ck_62f5cfe22c952694,0.0036150225044093176
ck_7fbb709a0fe95759,0.004035693938155644
ck_87abe9cd066a20fb,0.012897605073089239
ck_d58e058b5c553dd5,0.018748026569556105
ck_d27b872648b71202,0.007623224509092698
ck_4b4a3c5b95c55b43,0.0016173608191959062
ck_66dd4f4b4127256d,0.001857253528633799
ck_93cc12703b500613,0.06480588040047165
ck_d28806a2179092eb,0.9905449111775868
ck_0595c2a0c7881e05,0.018778932264423856
ck_50087d8666191144,0.7610349821445294
ck_b08b3f089138c901,0.020931092792172357
ck_fe3b67041dad2dd1,0.004995090842100637
ck_8449a28f7d475d93,0.037477541438805544
ck_8642e3b6d84f49d3,0.014387885267537833
ck_e49b5e4f2f2e79db,0.4924870942598377
ck_437afe412ea4259c,0.2486911844832189
ck_569b83668d74042d,0.42629997668663605
ck_233a487d31c3e631,0.9943531256724519
ck_1fca72e03143a645,0.7305317368946105
ck_79205e31223df2ad,0.024423888102470544
ck_9625a64406ea16e3,0.002550495386577707
ck_079bd18dacb704a8,0.181244814526798
ck_4db6d4fd2b49aa81,0.018048468339365645
ck_0dbefdac0a1868fb,0.0034141269234370854
ck_24ff97ad90bdd69a,0.043650495981970995
ck_77f8c5042065d506,0.007865715648211577
ck_f11be8ce05382cec,0.011605580860968506
ck_c9d72140b0389216,0.025585678875860753
ck_69eda24e931fb36a,0.0019139395837355318
ck_ed471e496916ee15,0.006849346256691931
ck_ff090498c4b17ac3,0.004680317573193938
ck_c3c19d6a0720915c,0.0015765551297418157
ck_af02e1817cfa40b5,0.034115719330077315
ck_2df5a9fc87553eb1,0.0028046019907483548
ck_4ac918e884cff336,0.03848199071991656
ck_ca149244b54ef3ad,0.001101926429395872
ck_6babe5b8674ff51f,0.018431008657153393
ck_1573878386886290,0.006418845945412061
ck_3925f8565abb7fe4,0.005281013087956781
ck_c4de808ae69c771f,0.0017395582896104322
ck_a777c813551281fe,0.006428920909914964
ck_df4424f6dd85080d,0.08883815427770644
ck_85e5494ec20383ae,0.01818184811320368
ck_f71a4094e889c3af,0.0036612570875436683
ck_f2f3cf9cd23b2809,0.04943137685624784
ck_18e2076397bcc211,0.03458981870975545
ck_c9f9fddef39bc664,0.04407295434942907
ck_7e826e233d6ea028,0.004639487085644395
ck_62fd7eb46bee9210,0.014349795926230419
ck_206f8e3cd72768f3,0.02438030707153054
ck_aa295a11b0a6ab36,0.004887147179139688
ck_9a56739d81f84a53,0.004246331186891144
ck_aa075c418ed9fe5a,0.00853971503393972
ck_62b9fb3db284941b,0.006721783341052529
ck_f4f83b1403ebea46,0.004875151427071975
ck_16b66bd803288bc3,0.445304707314426
ck_c4ca1434f3778f1d,0.9788743850549364
ck_1b823610371a29c0,0.014854640875890541
ck_c2bd5a722aa637d9,0.004058620626689669
ck_7890208951df34f0,0.032182085507927886
ck_020eb0e454524ecd,0.002408655605203366
ck_3b66196ccf436c35,0.009420327861087078
ck_109fc467ec0a4af5,0.11330088092846538
ck_f3dcd818db92de7b,0.020267122677647794
ck_31e7742f160980ef,0.012066573112187867
ck_77fce5f86f00b8f4,0.14245950713098757
ck_46bc797b4d07d607,0.0025227700061261054
ck_37899b1b571b1c6b,0.004942038695164433
ck_ef8a6af43fedd464,0.002546971667776911
ck_bcc8519fe8521038,0.03456150240137626
ck_90696b7182dd9129,0.009224397542547466
ck_4a24ad61d017e1ba,0.0319297168874475
ck_0acc3d8c67218b9d,0.00824715038428974
ck_05c97fc9de11aba6,0.07490531676162866
ck_f8ac3a0500c0ec62,0.00863583620293301
ck_617b65141f546a1c,0.006817571164912526
ck_9d00823bf60388d7,0.04560448382262269
ck_123c15d93f1840f2,0.15634287117235443
ck_573feefba6bf78bb,0.08288555391068289
ck_b25657bd16739036,0.012133060844799832
ck_bd26d2bef14a8597,0.011475875248768625
ck_a553418f2fba1440,0.005079141602938817
ck_89f3e380b0686963,0.004006209219243627
ck_b359192aa659bdce,0.018487398968272263
ck_02241f3dc301bebf,0.011935563063241589
ck_5ccc1a1c78cb33ee,0.049054126925466124
ck_349cc5edda1b8853,0.04749739508959394
ck_e9f228845bf6e28b,0.02268893753452386
ck_0a45d033d4e280ea,0.08176846882901329
ck_7e63168dda612235,0.0031140933590841067
ck_676fa5f6aae5475b,0.01716354215896524
ck_74b502b20690ccfe,0.024489098978147085
ck_073509af21dd7f5f,0.5100657251010605
ck_498a0acd450944d8,0.0022468079690391926
ck_7f15b50b29dead01,0.02200459828278091
ck_8089fe7403c5f537,0.012028091668465872
ck_05b2b04e11d9ae9c,0.007337474748132305
ck_31e70f2f04b48b88,0.0012082387377425443
ck_994316fa5a02b319,0.0038166793136551708
ck_b76510998b9a2260,0.01685522582446508
ck_4db95c310e105d30,0.006053422205748386
ck_6f730b77dc6cdb84,0.012761402667354982
ck_2493ee8e7b91d304,0.06003685841519254
ck_92d679d6ac7dcdcb,0.11836577885036939
ck_3a0e0200cbb185cb,0.02624664690292522
ck_0b2eeb4e00ff7955,0.022224836336314786
ck_9843d0e61c37ebe8,0.9885897540134563
ck_e61c8721e3ef1921,0.006110251810295489
ck_2e0eedaaf2980c2c,0.013468565754191525
ck_9036b2e5e9298a34,0.014307482791717476
ck_3265442528d51728,0.017902176153414433
ck_f2ddae2eb1cb29b4,0.004314261261279908
ck_6cfa71d27fc27f92,0.015439969529131464
ck_f3199fbe84a28b9a,0.035283727239646186
ck_b78d785ca3ef773a,0.006012751135099452
ck_374865697f1480eb,0.01482163527051974
ck_06d0e4a9189302a9,0.044270930964597416
ck_9c9884b9bcaa552e,0.12898135949228093
ck_fd4cf578e87703ff,0.029848994810065588
ck_1917ef3e6e345549,0.06101191328649801
ck_e70418b00cbbbac9,0.05527135127362853
ck_a60388296a47062c,0.028449436279431906
ck_d598fe8d2c779ab9,0.011135829668020108
ck_646dc03de4c31803,0.7660540112853842
ck_e4fd8cbd842b6993,0.009036004317415969
ck_2225b555aa2a42ed,0.018242161491248757
ck_6be8ae9d78148882,0.017706527047744985
ck_4199342d3aca74e8,0.10410907189618801
ck_779581adb573261f,0.01450593573214565
ck_bb303568b6915205,0.03877818873447887
ck_17c4296276448afe,0.003277087945310262
ck_a60a61ac829252a0,0.005493262694533353
ck_6ea70950c1cae00b,0.8950408764143524
ck_1abb93f6924645e1,0.04168952653437468
ck_faab769cce19879a,0.012768589839537284
ck_d5b8e74e7ca6355a,0.0107580764251014
ck_f11f7691af16ad07,0.003955766580412885
ck_188fdf2be7c92e9d,0.9965069854182566
ck_4a103f8254b366f7,0.00802101367575122
ck_bfa17a0b1760e616,0.0014992329838682706
ck_a4d7f6a5869d440a,0.9543319093967825
ck_58e20f5a3e7f11b8,0.8578780347672049
ck_4becdd3d2696c7ba,0.00973154090276722
ck_dad5cf32ab9f243f,0.004865069432820678
ck_7d9f73dc7c4f90c3,0.14721759070283197
ck_c19371047a2d011d,0.0027292632022143317
ck_247589ff532f7aa8,0.007730501672081053
ck_7a9f241d5f082567,0.004594300277448674
ck_0a2b7078736b4dda,0.007134466574810964
ck_687b412e2aac7eb6,0.010225863187083017
ck_fce0b6855886a0b8,0.018377706323618927
ck_e291cc60920456d0,0.12590376185483532
ck_04219a7ea798db51,0.03246270274814677
ck_286bfd719836e9f3,0.12480740230055952
ck_55efc92394fee232,0.008730795443172344
ck_e36c8da1bd359960,0.027443569263393867
ck_34b0988a97d96902,0.01180049673108031
ck_e0fb11fc9dcb34e6,0.005207223415547141
ck_bcc9cbc9ed8b7c31,0.013344783263990348
ck_3df8da6f60a89a5b,0.0358216024720855
ck_b1495ee5c59a6b28,0.021350976157384786
ck_58f4c3ac61fda129,0.040119707470738515
ck_735f244b99e3aa8d,0.024107118924106385
ck_6b93bd8abf87b1d6,0.9452048733834618
ck_12107dacc6d05bd1,0.0024179982391498577
ck_f96db2a1f3448d1f,0.029036613783479794
ck_8fd91a3c99e19097,0.006246678407220864
ck_910205d25388a0ae,0.0006563010234457247
ck_d229dfa0e4442628,0.0011938490149890249
ck_7cdec61e1c488798,0.06763825523201997
ck_f66f06e24ff32671,0.03285597047894875
ck_350bf14e90b503f5,0.0161552440922431
ck_61fff5fdaadd394b,0.012128136522666606
ck_e934f984bad2ff91,0.46642536772309223
ck_ff6a6d3547dd2d37,0.007496589956351834
ck_65ad9b15979e3247,0.011035784197536301
ck_bbe1a2ea5a403ad8,0.07052548558736922
ck_6f3a28eecd2c4031,0.013957451714591378
ck_a89b66665714058f,0.008854501226808077
ck_918c92182b6817cd,0.03517196890515839
ck_64f5eb4be9e7b8fa,0.12289576996375765
ck_d021fd497ea35fb2,0.012765023027451363
ck_004de16f7d8a42ae,0.018216525167062122
ck_a33d2325f86ab12d,0.015913655548946325
ck_89790ff26c844bc6,0.005922972556707568
ck_e6e7257377c37b28,0.06650595421335016
ck_a2cc3910a641a808,0.7684274261389675
ck_646e270e0195bf05,0.01751927822539336
ck_baba5d66def0d770,0.05633114574768276
ck_67cdcdda3033842d,0.047263094157914305
ck_b5c3075c811a2216,0.03322638631996698
ck_515379973a8044b8,0.007024462323808505
ck_c0ce85fb4109567d,0.024437370538257244
ck_fef850553862aaca,0.0040967229009875395
ck_55d7217b0aff9fa2,0.013037832661409926
ck_8e139f8925ef7968,0.009480015980197896
ck_9e35b908fca1e4d7,0.0019684508831799242
ck_59735f4ab2ad3da5,0.026509413898397696
ck_dc569c1167ccec0d,0.697428933790241
ck_1dade5592f90a15c,0.026661019385551536
ck_793048d11fb8b328,0.18016041740389943
ck_545b71eb4fa594b5,0.01308327832225836
ck_bd30853e9a57b544,0.03126916317867199
ck_59f46321ecf6d306,0.01795441846956713
ck_260cfe9141d249f1,0.13686164485561045
ck_3365a0ad1a8aa83c,0.003486649962974757
ck_b0ef193195a2138b,0.0032938144465467943
ck_0f909705e2e60f2f,0.001650194577223798
ck_5a540b75c866166a,0.05356643374046222
ck_87c26b2f41025109,0.975011815947228
ck_27acc9f320cda104,0.2467937217021135
ck_a27bc31eecd9cb9a,0.03894764992289734
ck_115d86fabde77b65,0.0019558137505033472
ck_eeca179341d56f8a,0.42527736328036236
ck_8e5999c436cf037e,0.001959738821107934
ck_510e7c5df1f95d90,0.9983366068203127
ck_f1acf73363925958,0.012849130754657746
ck_3c177f5970b68bd3,0.03042611513013834
ck_9cdfaa1c30cc9d32,0.002551278626331136
ck_c8efa1538b37c359,0.012282449309001534
ck_a8a2e296f9804bd7,0.011263601229935647
ck_91a0ca45f429568d,0.010644517974514128
ck_5fdf8a0bdbd3ed62,0.019549273378610562
ck_0f4e2ec66d50da5f,0.0023669756692860627
ck_28c53b214b2ee882,0.0947859023997264
ck_003148504557f720,0.08166732726156965
ck_01d840cffb870615,0.2645078033751663
ck_555848d51f4b5f35,0.025931077583669217
ck_df20cc23b8fb8e22,0.03595701895000646
ck_f9604adde929beff,0.0055909714530502615
ck_d66952b03591bdec,0.006732937058235602
ck_ddcac1ab765ff61a,0.043866310640268094
ck_347386629d96c664,0.04550523761163788
ck_ab01db9117acfe3d,0.013701533719179516
ck_58e5359efc52e0ad,0.008889732475943721
ck_1a524b5cc8da71b3,0.038425485605296655
ck_e9287b6d909d731f,0.004976231727563621
ck_bb41a66e3d90263b,0.07838902847676063
ck_e95c8cc1864bd584,0.008078835111283421
ck_7a3f2961e9a8b6dc,0.007617867654742901
ck_378a9df82b1e0bee,0.2548244489174769
ck_42633573639a3f02,0.9759998369226802
ck_2a5a4c18c2c7274b,0.014279758436867148
ck_77549c1a41f837c3,0.013998401396702295
ck_a26704b5b26258b7,0.02718191298410263
ck_9874ad160efddf50,0.012359549211432832
ck_9111e3a04b14dfba,0.05926273143600336
ck_651e076ee43aea85,0.004540116952546908
ck_391639c0f13932f3,0.0018247111082341381
ck_02dbabda93c8c13d,0.035336713860784935
ck_0adcb1fffcb0a34b,0.08297259343094254
ck_7a43ef9c7b1c67b5,0.0020442569093752742
ck_4b9dd69946438d0b,0.008517564939036878
ck_90bf017cdd37b66e,0.0498068241147099
ck_61c74163eb36556e,0.005356760327727041
ck_13376c59b5bd6943,0.0011588681995504408
ck_62337eccb1672737,0.011005756894517755
ck_16077934338472bf,0.00168535168326929
ck_0d4dfd93086e7330,0.04054681004610261
ck_3865b7525b910893,0.040456231553347155
ck_7e2ae8b69ebd5675,0.006834954401801476
ck_b4384b6c11766ce7,0.006717821945849701
ck_3d7fa32dfb9fc692,0.0693464372400154
ck_f4a6a7cadd6e0603,0.1196608994941591
ck_212525e2828a6c45,0.020282034868288744
ck_33ad8d53394ba77a,0.21308600733962524
ck_a5051eafe8b51224,0.006772105553792832
ck_f65e5ff7da565f91,0.0026574769713458004
ck_5c37f7563fa7591d,0.021701413618020672
ck_f1e0a006068aff29,0.009806313427573543
ck_c646cdead6fb79d0,0.009552380362809035
ck_f8b3cdffef535330,0.10938485735223645
ck_e5cdbe3aa12c97f6,0.011133004922738577
ck_986e4e61440506d0,0.03900616329708771
ck_6da9c5912e15d9a8,0.004898650347241246
ck_51d842e6dae74c71,0.010426522045954281
ck_5fc65c24e0736d5d,0.7185674144009327
ck_babb95a76c69509d,0.017278189426638342
ck_86a2d852a9715432,0.01572742758322637
ck_db4083a0d043def8,0.14015628503837385
ck_96953b8945b7d403,0.00912341939912128
ck_7831ca5c31fb3859,0.07308855576116088
ck_60ac5e5f375daa38,0.004076880739403169
ck_05d44eb1f5f085ce,0.011220815886067078
ck_432cc19c7eeaa46e,0.03656809462695184
ck_7fc513033af061af,0.1511776535091366
ck_ada6ede84c111719,0.004602937818074423
ck_6343e0d3b1c2962b,0.03115343989568991
ck_010264ae04f2e902,0.11886601672841582
ck_e9dcf535f8c289eb,0.06669960527243772
ck_37143d9cc296e6fa,0.01293671631147847
ck_61fa051192f3e810,0.031966718605276265
ck_f9f93d1d41be1468,0.6587744886801717
ck_c4f4f28457be8a74,0.0024637357320280873
ck_323a71f9452d21cb,0.5802738503487465
ck_170f4688e0acd875,0.07270594409288178
ck_869b1878d09d230d,0.2659453728548688
ck_2f6b33bf46976229,0.007600765149383885
ck_b11e22e75d9b99de,0.0019897788339076606
ck_123d75ffb75b606d,0.014607514049750492
ck_94295287a04c85d2,0.14647997713377905
ck_1b0434f096795328,0.0016785980250818627
ck_0a4e191cd0a57ce1,0.00308114507833218
ck_d2fbd0df99634676,0.028264137887351347
ck_d51df5e9fbbbcc94,0.05661547653325628
ck_2d3d7d64a6f443f8,0.012975327673651355
ck_731943c682c9394e,0.017598745556225086
ck_5ccc0c94e5e1f849,0.016648233481347478
ck_c3476080516db25d,0.00892416408747769
ck_5010ffb1c94187b5,0.0016001953806081763
ck_7ef666d67bc70223,0.012266934274822523
ck_c1b493527224a27a,0.0011830526854011577
ck_5d1e25d7acc5af9a,0.019231706712462267
ck_ec30b61cbf517db8,0.004786233438553711
ck_79323eb5d2e5efae,0.004672253056805418
ck_4085cd3bf2661518,0.009402821257790708
ck_2ca91214c357c072,0.10439116919749321
ck_7f3132d6be389657,0.07337700310374574
ck_e7a6b925c8f39a85,0.027034803175233272
ck_c886adec7bac250a,0.013921561191788901
ck_c3f360c2d0ea0a37,0.02130591463330762
ck_a7acd5b015823793,0.02547298657830244
ck_9d64187c0800f84e,0.024949718588555395
ck_5d4ed73b9efd7d11,0.015537480566628405
ck_874eca6776b34dec,0.007186485699438296
ck_96a9221a87be93c3,0.01954197791170728
ck_68dd79a51eabf5e6,0.09208664351476699
ck_8311cb6755b2016c,0.008767383433474434
ck_16fc77b2bcf5ec03,0.4714926764003738
ck_ad9e2088a33c8c72,0.0015785656938426956
ck_7176bbc97b1e42a1,0.00784460649063576
ck_80dfa54b30f65fff,0.7211059185674633
ck_31c54d540b128843,0.013276113787643125
ck_43ea894480567274,0.029479620451211025
ck_9c9e8a38bd5a6c88,0.0722316430817362
ck_1c2dcae19539e148,0.04788965409251184
ck_b0fa8b84e94d8ae0,0.007206692288708571
ck_4ceb43ccd0a81c2f,0.009485582564540858
ck_ba845332b730b596,0.0021023128685587924
ck_73d3e8c6077f61e6,0.12150540208823711
ck_b5d0d223ef56473f,0.027060238518909638
ck_949f08f8e80e93ea,0.003555581252812867
ck_73de0b49709e5f8c,0.0023076477059162993
ck_b5935e9722a39819,0.02285182425481322
ck_96247fee0eb44420,0.0021205471500375826
ck_a6def1e4b2d57e0d,0.035262831580651875
ck_aecdc5a96321a2d8,0.01142012839410123
ck_bc61c59970f8de49,0.011364699364078974
ck_c43b4175fc9ac5bd,0.3449702745065433
ck_8ff7a9b23a55fd62,0.004345137223220152
ck_20c99b645f462449,0.003951289186760374
ck_a5ce2ae36fb410d9,0.0028254887754663905
ck_96fb9bf556842bbc,0.014758778223280068
ck_b5e4c6dbbed1b773,0.03224907062805662
ck_2085433978e72ea9,0.11358085195299028
ck_2c6b174b063ec637,0.006865814502070992
ck_b20b81b88dabe28d,0.0040645109006750575
ck_243c18dbf150831c,0.0007019339218318696
ck_2bb6a17e8eee35cc,0.014387685720120724
ck_66147fb994495396,0.13267793489575502
ck_73f124f075ede0fc,0.014980473078227476
ck_2e315f1b1e533dab,0.0018344005122323394
ck_16c7bf94ed3e7a6f,0.001235298544817291
ck_4a0eae220a762ac5,0.015709003731475428
ck_dc16f939c2f44ad8,0.08106032023610413
ck_817926b449754917,0.01067785973530241
ck_0c0dde42ab64ef87,0.011711530634409401
ck_cb3a40594da6a2ee,0.038875540481960784
ck_d0dc156441fcfdcb,0.034945690501049606
ck_66f0945add423e9e,0.004612472118883834
ck_a74f6a3030f5d495,0.03331987976692969
ck_1ae460f331e49ae2,0.02606385802926321
ck_2d177b2f4f0b40c9,0.12340014585511568
ck_92e474e4368c4791,0.025932462567692917
ck_3dee83fa2d109484,0.0012497675975794945
ck_80e5ea27848069fe,0.01714261315282877
ck_ed0c4a83701ca230,0.02484463448095808
ck_0b8b7c5c581fd161,0.0009761649295807161
ck_60bf8a2870956fb1,0.011046093698987037
ck_73a54b56a2bf35fe,0.7742720362647306
ck_2296d7a563424883,0.04343093870308455
ck_bc19c383560c7477,0.01831049459757149
ck_861d8e3d88f1079e,0.06033009125933735
ck_3f090fc96c24eb28,0.002896760414480721
ck_9a6a1f8102febfca,0.06679644238737478
ck_541b6ad5d2fa5a39,0.00242083591648439
ck_a760d38d1bc4de97,0.003080298221922511
ck_7dca4d7ee10b4eeb,0.0031865945012087963
ck_15220e78d1545e40,0.008566611040468637
ck_ca24bb0de508efb0,0.0048376404357241415
ck_56b389627d8f02c5,0.9451823036268014
ck_48a6754977a44db0,0.007123527467092356
ck_333a43ec339a04cb,0.0722130746430796
ck_f22aacaf86a65d7e,0.02574305963210548
ck_04bd8a1ffaf3ffd8,0.0030722689965032046
ck_2737a72de6b700f3,0.02493554162879652
ck_c35e03b0dd0c3454,0.015617877121129773
ck_e0571312f395cd94,0.018675394473314823
ck_09fab6b9825001b2,0.004214284125891313
ck_18c3a095606209e8,0.01803178723126718
ck_2a97db9377d01e36,0.007323882923401394
ck_f29dbbfdd2786bd1,0.0068623343189096325
ck_35d6c510ad29362e,0.4921332979378986
ck_5468fa99c945d785,0.016370598674604494
ck_6f8102f62c876cc9,0.04721395159434186
ck_91955aab3424ad16,0.006600758244453009
ck_9a43c0c73a39d759,0.14266397469630787
ck_60b023af6d1e30bf,0.8229929470112616
ck_9704c5cf8659cedc,0.021088488096943504
ck_7e5f02b51b9f78bf,0.046335319472381405
ck_7d3a88d1aa649708,0.9463134492338628
ck_8250eddc1ecb07a0,0.02501243176960952
ck_d979ef95ee44023d,0.009407342165758033
ck_5e5461dac83531ac,0.022157803864207706
ck_d1bb8890081e0a31,0.016843200393253047
ck_32246c62640648d9,0.0009080568745503174
ck_77a40c7d2f862a32,0.032291493173448954
ck_1c8b94efe9238f5b,0.0031983383932180777
ck_eaf3b6d11bc3cb11,0.0030117950392822873
ck_a4a7ef3ad799c380,0.013126018496686485
ck_d5bd8f68da073cd8,0.013369936885238387
ck_6e6258227fc8db7f,0.0014549019776330281
ck_c35d444e05799db6,0.01213115407988656
ck_74665e1209140ae8,0.03602214834555954
ck_353a272478f7e903,0.004921541917655629
ck_a2c9796ea229a4e2,0.004720549590955621
ck_e0171f91cb3411fe,0.054624630067128
ck_703499f5410280f7,0.0011852967433509268
ck_ae3a763997f8f385,0.02621398877458469
ck_f7ff94c3df5ac874,0.017883087126446897
ck_f3c16d8f747db046,0.02079574324286479
ck_7ef019ed77276496,0.004465179995938187
ck_d6a4faadab58a3de,0.009328629055326868
ck_ba7b78d31d74c794,0.030338213356764225
ck_36287d063350ce9d,0.005968135990065924
ck_5177fc7137ff26ce,0.0018693967971679278
ck_dfd4e79aaa967b63,0.00441878670978952
ck_fb44d15fb93a7157,0.026168111186861052
ck_fca478361870a4ca,0.015358921500209762
ck_e57b94fe57341058,0.01597540885199945
ck_5448c946cc4758fe,0.011849986129565318
ck_c5ece5ffb8800ad4,0.013971204954795261
ck_11cb98211b2ed134,0.8528225870037097
ck_f655399ac75c4450,0.055525881196693105
ck_c817259019588d30,0.03751413464395257
ck_8740a14d8096c6e1,0.07400005688951027
ck_0c5ba86f4e05b38d,0.011375120331173135
ck_ccc917533d4b73d4,0.012402904540475695
ck_9eb80edfa43203de,0.0036619010355433846
ck_d1a1cf4cf61d6801,0.022823709137189365
ck_b17c239f160e6017,0.025273483634431458
ck_410c3e13b48e0415,0.0031900832218867982
ck_ab553954435e8854,0.9401928888073752
ck_bdbb4230c91e1604,0.02314169620002317
ck_8fd4937eadd64fb6,0.006257875640682931
ck_e0e90b196bef3c11,0.004453728366635572
ck_3dc4d464386f0eb2,0.16026928284479947
ck_51bbbf8f8e8ad005,0.9956635912833133
ck_c05737ab74cf03c6,0.056370399845148134
ck_dceabbe04d99afc2,0.000995225700539306
ck_5b86fd14e85bc9c7,0.5478502455153945
ck_d4febf0083800424,0.013925543046890674
ck_77d9f86dcf251739,0.007104156846420018
ck_b4dcebc543deaafb,0.0123482277570067
ck_cb856e75c949b0cc,0.0014512916213478342
ck_61b067de8ffc1ca1,0.05425261667462121
ck_c0e8560ccfd9dd9d,0.005206905807246476
ck_173e1198c341087b,0.0089425009132725
ck_b4d55bc809000276,0.010646917094111816
ck_839bf139296b5cea,0.022204481392990263
ck_78cd402a2a4f2e35,0.00198438654386596
ck_c2925c50ebacbdba,0.004956043596382637
ck_5e3bc76eddbdb0a6,0.0041435327393836985
ck_b7793edca26fc512,0.014375246397724488
ck_d79bdf04d6f31cd5,0.005477020433208446
ck_4b97d19ed946f503,0.021107906681650572
ck_37139b41c5370523,0.06481829609294654
ck_8c346eeefa9ce692,0.019685605507789916
ck_2ab7eddee2d8c49e,0.004751602185494549
ck_29da59ea3bffb9d8,0.15029508707026698
ck_c1d05ef0ec6e4be7,0.013609877675492784
ck_3882423b449f6291,0.9211198737207008
ck_5647030283171ed5,0.854251040236008
ck_efbdcd9c181e72ca,0.006686571743111648
ck_192fdad892782daf,0.06448685911452906
ck_0bf2e13b9f2601ac,0.030893778370941524
ck_3d6046a533057795,0.00832668772669326
ck_279a1d3a3836e5cc,0.01956079560604202
ck_c375e929becde422,0.006975899778805989
ck_a59e90219939a1f0,0.007678904217892806
ck_4e9fba1ec54c3ff8,0.026279938437859543
ck_bcbd8588a13f5eef,0.003415488526608264
ck_5f9a7ff990341bdd,0.0019568989602006303
ck_e0403d507519b7d2,0.002866556307003911
ck_c9490cb61aff5112,0.015508593951775984
ck_41dd44308e6a665a,0.1956791429406719
ck_76c23726cd7ca947,0.006616051498984696
ck_9be551300209fa83,0.013009188221330443
ck_a98848eec6c9581e,0.03380888624331805
ck_61176dafb33b2d8a,0.8813740153331671
ck_92de019e05971ce3,0.06384204445158013
ck_5d644224135d7c65,0.012118925121215544
ck_c767fc454fa215d0,0.004850538182919351
ck_5df85a8924e11f27,0.04667048558292007
ck_da2729307af06ed5,0.029873267552367622
ck_7c6b577174af7a78,0.016423683857410946
ck_893b8afbe11301e1,0.0066349400745679766
ck_e06f6fed020ae014,0.015423347613059774
ck_386680372fb54857,0.007476601722560713
ck_7a7f3c4fe0c9d2ca,0.006358666419090521
ck_f908b527c4db422d,0.053938995433287375
ck_ec2eee6a133e9a6f,0.08091741653406877
ck_d98934f9fe0b02b3,0.0031758604462219877
ck_398a1ed77b0130e5,0.009448899283795272
ck_d960af7a55b892b1,0.014113030009834243
ck_4637e54a9f79e2e7,0.007704021211133663
ck_02b9f418524f6650,0.018740298641304335
ck_d4b23804cebb045d,0.011671603607108975
ck_35b1939c48182a9a,0.011207150009525465
ck_2dcbb71e39d64305,0.03416939674466348
ck_47a884dec960ff2d,0.008736154187131305
ck_71fd8c346fde5cca,0.14133237375981458
ck_98e1992ac8e7d2de,0.02188623745539685
ck_ae7780327e210522,0.024794745851090334
ck_e6c584b4b1ad6d9d,0.011066128439261582
ck_344b2e326a6c3dcc,0.0034166602482011746
ck_9aa899a5230b0963,0.037472365216204624
ck_e48d14d5b70ef5aa,0.01949682069675779
ck_59d380a0973b3951,0.025094518293002608
ck_11318f7c041a5ba9,0.009680730073874695
ck_7061786fe2f22f5a,0.03866022628044406
ck_e77529651c416cf7,0.011305538070872187
ck_7f79878197340435,0.011543285357056355
ck_b0a0fb0ee9ebf106,0.0048930357521905325
ck_70c7679199776a90,0.03319340130022024
ck_b9facd2210daca5c,0.10085330851049963
ck_9949f53c155b8dde,0.004208552350001798
ck_1c607e24f2c4397a,0.026275574227439716
ck_aefd1ce3ce093cbd,0.0026345885931620214
ck_5a29b7018e43280c,0.009010774638191084
ck_69eb0b2ccfbe5f95,0.014317879451356352
ck_fe037765aa465c58,0.04893707089224336
ck_5e512ef5362a3dd6,0.006291368234995734
ck_544a9e80b7fdc279,0.0025738650724649115
ck_7825494e654d5695,0.015288412117620262
ck_f1f2c3c623553f0d,0.0013290444429215897
ck_52730906e5b461eb,0.8646332515222119
ck_01e0689157fe9617,0.504340137800992
ck_9da82e567074da9d,0.016047568136674538
ck_6a17384072f904c0,0.004862409387837579
ck_8d84d771a21942a7,0.0012181533970937505
ck_39638880292782a7,0.023997656099218095
ck_7d51c86e0eec72ac,0.029095084705283117
ck_45f4c821c70d134f,0.6288718538381971
ck_0af3c13ba56ce57c,0.003806588432715267
ck_0789a05e061b2784,0.5168613704575512
ck_6ba091eb42ffa9fb,0.11843499382820058
ck_265accb3c5c32620,0.17115090526521956
ck_179039559ff7566c,0.0340382799016186
ck_17c0a6a92b5765cf,0.009811067837287338
ck_59371c9140239fd7,0.008790814874292863
ck_f9c4f8b4ce2691f0,0.014263192488956357
ck_a2637e4872cf4811,0.22097684544035792
ck_1de43fd6c6c22a5f,0.06596242666023648
ck_6e4f31bd108571f0,0.00949856556302956
ck_da06d97db0b18851,0.00364831483155976
ck_e0346d5081e640e8,0.013581582635957498
ck_c1c7d4e62c9fcded,0.21062157299778356
ck_2595669e421299f6,0.06461532780591389
ck_3b6057d51fd4c7d6,0.005468501016295338
ck_c5f8ab515840a0fe,0.011808230068511495
ck_435cb24538c6f77c,0.114998150531654
ck_d84b5403da4cea7b,0.029003450278368148
ck_c2b61a98d1c8f6dd,0.8392261522924942
ck_c9dcd92b2f836b61,0.1852318994694668
ck_9eb5b3f5f672c2b1,0.001502710371829641
ck_e4cf189a8d31649a,0.005928107049909865
ck_6b114f2a48152b96,0.0026092826964632223
ck_3fb95862b70f505c,0.02415096625613627
ck_7f780f465c29398e,0.021033609281373253
ck_ee387f9da79e67ea,0.030083471918737423
ck_fa3b1e85d27af2ee,0.028318752037163882
ck_e739eaaa7a1822f2,0.04114381486914782
ck_dfa0ac11fcb1dabd,0.0019434709180950643
ck_6e8751b571ea54d1,0.027164172895892905
ck_2d695f8358383092,0.0826236939936621
ck_e7dce27edb700f27,0.013214465097337914
ck_e322da8b213eab52,0.0017203503119348788
ck_d0b32e039abb8200,0.003199187257846648
ck_b354003302b272ca,0.010907772801387116
ck_f7485cba392bc294,0.2015222258871078
ck_d6a290ff8362c7b9,0.09723643196970017
ck_c56a44fe315c0389,0.013790056668833896
ck_f77dfe6512eae322,0.015320269054289607
ck_35fe969c58b9e70b,0.05679807399911774
ck_4c518637db2322d5,0.04592324872050689
ck_cb61902798ecc4fd,0.04661596977268957
ck_56e6cfa32156a916,0.005198678112434515
ck_343e6ed2b9d35c01,0.008816267421034916
ck_51440f64f7250ad7,0.016593887502770684
ck_295bca29c34cfe2e,0.07883263884948194
ck_dd30558576b45e7b,0.013086886708560558
ck_3a30132a57181fe3,0.07595087243702073
ck_4a733aeb833406f4,0.006594998846332641
ck_1b0b7c3d35ab1259,0.049519670870266215
ck_962c3bbf27cd4b80,0.07392536458975865
ck_9528e1d6b1707870,0.01382915291636274
ck_b3263e7f31aab45f,0.02737727506923256
ck_e69195a3c885053d,0.001219500866465886
ck_a907fa8795cd4baf,0.0016545200452702021
ck_205c3405045bd835,0.014608459881824139
ck_e81fc223bed3c46a,0.047202360216260224
ck_363751deae40edfb,0.06668642195897725
ck_6176baea8cbebbb6,0.010237875235178485
ck_633e6579f5c74a5c,0.8398261055147251
ck_ddc11fc481eef58d,0.016159401027219886
ck_e975002c979e12c7,0.09218356191984513
ck_8e039b23acaaac00,0.0311317064092809
ck_1d6990d94a4d2ad6,0.017462204449444473
ck_e7b583acaa3171a2,0.010820306792966836
ck_c0133f60d39b2fb5,0.02165365154503604
ck_7d6bff85e7a694bc,0.007384843453535606
ck_d305b4d82f63f647,0.007565461135288994
ck_22bd0fc71f95e048,0.03585389748776533
ck_9a65fcfc7916f93f,0.0011935458028295076
ck_d61c837b0106085a,0.047342242424404
ck_be86a1db08dea456,0.01984449220293833
ck_90489c405e6886d8,0.006235609744706863
ck_0add2c321d579d75,0.03487681940760403
ck_482dea6eed92cbbc,0.0165262263629597
ck_c24b47184534cc2c,0.9907939133440191
ck_fa04ac31e596e7d6,0.04389891070842142
ck_084322dc5a3a86f0,0.022737574380412195
ck_ccb72a33cc1877b7,0.014433309935496604
ck_afaf374009d3b248,0.01435943751772801
ck_b53084ffede19a8e,0.005792455714389952
ck_4760216154c8cac2,0.5099818985647993
ck_37ad3a65db673e70,0.0038056256783772485
ck_0c2932cc0d553694,0.04189090397573461
ck_86b853c52f20fef5,0.004743692665476497
ck_38703b7546d35a80,0.01242637195645806
ck_218b7e6e6dbd2da0,0.00644335105907062
ck_402db4184982fdf5,0.019717639012570714
ck_f917c82af80e4a79,0.08999888698833124
ck_3c6417a233c68c73,0.031174366595504106
ck_98068c397d70dd3a,0.033180296892410324
ck_b1cbd6679c0f8d95,0.00977708719660154
ck_9e962f9bb0e7bac2,0.02026110206816379
ck_b08247c3ad567d92,0.24559741863211554
ck_3ef7a03ebb81cfe3,0.0024016162341229707
ck_5d7ae0e3562e99bf,0.13164993232390015
ck_c91a628236baf91b,0.09068841742982055
ck_7f8e816ca51755e3,0.6776403991967749
ck_5aadd286d188f5c3,0.004241283524314224
ck_a037aff5f8128c73,0.00732656857542256
ck_5df6529ce8290906,0.00640071806493317
ck_5f3609511443e5a8,0.009365477923201533
ck_a6f61864fac3c8fb,0.009632993966046461
ck_2733fc6ba23ae46e,0.0236608503657728
ck_22bfb9246646eb41,0.6490399571484287
ck_bfc2a57d8fd1610c,0.3452399523229067
ck_49839e761d0e74e9,0.01190114377438398
ck_aa4ba931dd37481d,0.014945802916473488
ck_2f9fa0d61829f815,0.008056439684828247
ck_5b82c774df10d49b,0.0011949826932322813
ck_411219470d0a195c,0.01103719218205691
ck_d07485ba10514a2d,0.2698046280631723
ck_219bef979ee21bdf,0.004319854326426304
ck_eb1006e7285184a6,0.018497386175317182
ck_fd242b18575e3063,0.05234093356479102
ck_95188150ff059c70,0.03515089306066689
ck_a9ca2f447b984a6a,0.0174488379596087
ck_2dd39723c4088b64,0.031010248967802426
ck_aa2b4c662ff213b6,0.03173047261982474
ck_1867b1199c864db5,0.05000347897860264
ck_850ec97a5a0dab9a,0.02580468576450136
ck_562320295fa35875,0.0061763058554759045
ck_bab5759b07fe2bea,0.0015160138946391955
ck_b9f1465d803e57b2,0.14723090617860674
ck_8f21f2690c32c691,0.04850743840710967
ck_df87d6f61a63eb21,0.009367359265196034
ck_770475876d0e7e6a,0.020910003861976056
ck_b4c014d5c0cc9eb2,0.006197337791720063
ck_3add4d23124c9290,0.0019774673329155455
ck_bce5b7fecfb6264d,0.44809574853218864
ck_604c17cb97dc89be,0.039955310035762734
ck_e52cbcd9aafd26b2,0.007825582513966135
ck_0ac9114076f5bf3d,0.011071650350296707
ck_dcc125b178b79566,0.0029043480117224014
ck_4e333c09f0c37dee,0.0166148079003408
ck_ff7e31ff8ba731e5,0.016024360400390316
ck_8d0532d24f1070d1,0.0014614071794680397
ck_3689fa41748a6f6b,0.18193215958194237
ck_7509eb97c1948b16,0.005598914515003395
ck_a9161cf1ca22a6bf,0.012703038511612636
ck_bed3e3db135b782e,0.07391883200578092
ck_9040edd974ef8e3f,0.20427814924011164
ck_fac32d76ed40f683,0.015363178929699713
ck_3d7b1078e2d57c69,0.011996349564960367
ck_dae09c4e074af5dd,0.022761061502347326
ck_fd84507228467b40,0.07356364528485677
ck_e2a2ce9b8cf44c63,0.010143813169496464
ck_cbe716f351d660d4,0.011034737020956926
ck_cba4162ef29a6d27,0.029859660508051767
ck_4f1e962ff8a29732,0.004137554430334584
ck_39a81899dded61e4,0.008613829689726817
ck_25382331551d22a5,0.05856612633216508
ck_6d64e1c07b19856e,0.003163252336741361
ck_165a868bdef28ad3,0.031241302538626687
ck_88774ae52e30e877,0.018672469534415266
ck_fc7a9d0643570053,0.0021304875928225557
ck_c2017120b3b88a46,0.006342164911962518
ck_d115ac6b9fd62a7e,0.009510183241327868
ck_439cf7d51ec7de0f,0.010366864200186773
ck_2468a7e9e68a0927,0.012960799859202708
ck_7c418947124dee8f,0.05723227577243607
ck_fb0cf32c4a56f740,0.04445864710698281
ck_694eb6c43193afd4,0.01734891310372226
ck_993beb188dd4abb6,0.013249641291754558
ck_77fa39d3b733c226,0.07675039259240586
ck_49969a9abc47cb69,0.030139025912341497
ck_d3f44bbe2f7e9b2d,0.017584682662763633
ck_fcf5b8216d0c18ef,0.006257674060472355
ck_daefe1e2d2bc362d,0.003316327298456927
ck_9c9287cb28950eb6,0.02148303077754059
ck_c1d1a625b885a975,0.024088181729358917
ck_71b37fe47490b4ba,0.003341662667848815
ck_5d16e257c0635f7e,0.3427534838631902
ck_15918075563eb074,0.0009681256579172549
ck_9a15fdefc47e8d11,0.0076336803671344135
ck_6f04d047d1dde75e,0.0020980907727774748
ck_1af2c0b3b8d202c1,0.004617720874625972
ck_174be2231c5fd2b6,0.0037559159471866345
ck_bb0713a2a1d65982,0.015468773131221985
ck_0daec63bd5b0729d,0.022014966965779523
ck_c0b5cc3e8ad2ff44,0.02261607517590476
ck_35bee1fc12664644,0.07426573004196682
ck_a1c7cf63467df4c2,0.0014537182276566408
ck_ecb1e15f0b185ceb,0.05952855852404063
ck_f280d31f54a4710a,0.021174985914111245
ck_30f4b2ee8abe1342,0.03748161968134853
ck_66bed631354de5b7,0.006868686733284048
ck_c2d3ecd7278eba2c,0.003563728761289065
ck_e901dec0e09eccbb,0.005129787847883466
ck_5d038ecb3c8748a3,0.01114332436510802
ck_283c5bea94b21e80,0.006689276176952677
ck_7956c251b85f009e,0.5522257283267609
ck_9f5f81d771146aa1,0.0014957919735898613
ck_9323e6fc1e168eda,0.834500795383627
ck_10495d3a635b8d69,0.043454441678788445
ck_1982d571cd36eb0c,0.010938644689817024
ck_4f5d7985bcc2eda4,0.00890788304801201
ck_7df526b2b4410bb4,0.02605839848149424
ck_dbb498b1a346a402,0.002741229688185941
ck_ef059997563e3330,0.005259382173474937
ck_02ec4e06709e6b82,0.0019301074996129362
ck_9782c86ba6485f88,0.004261852105296102
ck_d69de468b44143ca,0.008685270372166242
ck_6430a8792f400e0a,0.004689974891888704
ck_8285bd3c90af94f6,0.02149336411260637
ck_985c9ca112000e9a,0.0489014167770741
ck_e679fbf4f4f4aa07,0.004833829887469231
ck_016e8c8eaf9d511b,0.07314446060841573
ck_bc996c523944644b,0.03602547739125108
ck_5b8315726f6204e0,0.022940357856762513
ck_78181f8e998e442f,0.002637332196873728
ck_71c68dfd011dbbbe,0.8666171183408345
ck_db32c95ce2b6f502,0.8104178000843851
ck_755010362a9b1bc4,0.004201310800708819
ck_114141d85256c9ff,0.0010737938437514357
ck_9d1a5cf5a3b87e48,0.0166240286976333
ck_ab640420858ab5c4,0.17083737341074828
ck_97a8dac48dd62488,0.2816065681210619
ck_879cc3166fe1bada,0.00219564960084148
ck_b0ed11080076e381,0.005174368617027478
ck_7334a9ec656263b2,0.0056288581256843315
ck_6494f0ef13ce44d9,0.0279845010328214
ck_724e459b9ece38f4,0.06835915834135689
ck_7fd8b1470401695f,0.707468109940182
ck_292f81186358b0fa,0.009007481069078222
ck_fa7de64d37287615,0.05611607188388502
ck_d00e09e66ed6458b,0.1248763645887254
ck_b8d210e741be186e,0.004974299538932958
ck_3db59982cbae4410,0.04661963201873121
ck_69887d0a9aaca6df,0.001055942643165189
ck_4feb21e2fb0b3977,0.0037413987380323084
ck_08c6cc1e143475e3,0.004414963928859544
ck_fe6e168cdbb46b9a,0.09864311848762759
ck_07f1734be7fac56a,0.02890927318412205
ck_d66d59981307db93,0.09805198698217488
ck_f928dba0d587d7c1,0.0032632831281838503
ck_786448fe3004cbd0,0.002324389133887603
ck_29ea329fa40ace62,0.013654720831525403
ck_7ea52b6f27edcb73,0.08541899575356579
ck_18bc51bbf3ef198e,0.03254833358627177
ck_44950df09ff14ded,0.003328977287073529
ck_c1466b52c0a10b93,0.02544480803253634
ck_6cdac067cc4db5c5,0.08659719482383127
ck_53f55c6e8cf2d432,0.003803644401553092
ck_95945f48453ca532,0.044361710189016655
ck_87cce4126e215153,0.009614367658202734
ck_1ecd5516c92caa4f,0.0015582687564522613
ck_819b482bca14c068,0.1876427490104276
ck_a61a879dd46fc9f2,0.0032130241868073848
ck_af70aa32c009c3c9,0.017562053574778667
ck_f4fe78e249092ab1,0.017108646078704014
ck_12c46bc52bf45b36,0.07524902217817002
ck_f05f5e4b40afa52f,0.026167641400806897
ck_0f8cb09d3f4fc980,0.10755891965431784
ck_80a64a7f0275a71d,0.006549456431653629
ck_683af7b1540a0b22,0.06872500435773087
ck_51fe0b613c076cbe,0.003006173174774022
ck_da1a2450219dcf19,0.07151527992282009
ck_2a7eba01ceba6c2c,0.009207125775382364
ck_4e329e29dfa743ea,0.30407250996625834
ck_0274d881d6db82c8,0.007250697741857157
ck_0af5b7d128035b35,0.03108964681026034
ck_ae0a7be6b0a0ea68,0.03338062854087991
ck_de5bb7a4d091386d,0.21127574940411034
ck_2bb7c17168a9d17d,0.023067647868136483
ck_0ffdff7b2f5fdfe4,0.0030077894294227576
ck_718a8390b3d42d7d,0.012429282622889275
ck_7c4f12d70f184533,0.0010681445945594113
ck_d3e2c26b8adff099,0.029035939606808798
ck_ac9d3d9754104cf0,0.0018555906695051094
ck_3b1766a1d51f8f0e,0.38039465602591876
ck_a9bf75bea912027b,0.029209604511407257
ck_687eab3ffe1f8cfa,0.03751001738128837
ck_25dd0b02af5b2f37,0.0444028526368901
ck_1747fcc466f0ae38,0.002266100411374349
ck_f6e9d14dfb6f3c28,0.02811691784236268
ck_c6a7bbd0adc4d5f3,0.03248011768457262
ck_46656a23f4456d22,0.7171177524040905
ck_7519260415c2998e,0.0131408647448591
ck_754f30ea19df857c,0.027240758140830275
ck_ba88a244d5f7380f,0.013045499646870174
ck_f268416945316815,0.0113610288496031
ck_21860dd2159dff28,0.007797646555092665
ck_7a86ef4e2beaec38,0.001982352800556284
ck_0414507baeea936a,0.0380306329580042
ck_60796eb60fc3043e,0.001711643609241964
ck_1e0841ed17fe0562,0.014235681071205075
ck_0d641d32658d6e0f,0.005817442781764632
ck_b36086ae6d87eec1,0.00589114864647648
ck_962e65ab33b5c311,0.8485034460024561
ck_b046a42684468e63,0.014318572416213503
ck_ab3426435b0017d6,0.017587193602709293
ck_fcfe06e44d09a344,0.05963829227796338
ck_0f6d916c92189516,0.014356039822692053
ck_d4c8f0d957c3965d,0.03408295617951675
ck_2ca83dbd728af019,0.0037399736104623766
ck_2857a4ce9f72fbfa,0.002669559407455614
ck_a60e6edc48e3d0ac,0.34722964583349786
ck_0cbd3b27063d4415,0.08135202292801783
ck_612089ec90c37219,0.04779734933022197
ck_ec4e597f17f473c6,0.003405894533842937
ck_1c93cc58f314bf71,0.04198445681909031
ck_2b359a979520276e,0.009139557847100107
ck_1496568ddc3b2d56,0.02915000508173701
ck_41d91dc9f5063566,0.02480797289918729
ck_4c5ff58afe3d7a67,0.00656626458046298
ck_81709736281fa3eb,0.002387647111728834
ck_d89abbab3d4957aa,0.014393681429623047
ck_52453401f88935da,0.05804907555785913
ck_a477654d34783e06,0.0014828627975365849
ck_72dd0dbdf808cb00,0.03479745379439373
ck_c183dff3781746cb,0.08335112791109846
ck_c8b7f241810b45e5,0.001670585415175915
ck_f88028c3f306bc70,0.07428599534786236
ck_91d48d69e4f5d9c2,0.007196854696213494
ck_b74b9ba6d7c9aab7,0.06219782920124007
ck_03e904682dc73bba,0.024352458699029737
ck_fc6fed6ea96a004a,0.004299019069239757
ck_51efdd240e34c642,0.029239715542765034
ck_e78ab4ff52b5fd2d,0.005623413607472145
ck_4af7b97c24d89a45,0.023465183630571904
ck_295c0072eca7f7a2,0.015369329207933446
ck_8abd1a50a9227463,0.12225141020990447
ck_ecaa6f13304e3dc5,0.005172132864027888
ck_de436e7b319be1fa,0.9860182395239553
ck_c802cf8f61466027,0.003314100292565616
ck_3d83e0a3c1cfbf8b,0.020600737779697485
ck_28d2003c2d16e4b6,0.0021927444249845865
ck_8ddaf745bbb9cd62,0.00164966322196652
ck_493b6256091014cd,0.05752990820346945
ck_a2245822cfea997d,0.0032458287144938795
ck_f7305b3c64cf8a03,0.06010799126828991
ck_9937dad93a0ed3c1,0.007290990354117506
ck_d654449f9231ad76,0.004769008671995635
ck_850e2b59bc535490,0.03396994469727642
ck_e55e5bdfc0242aef,0.025037089863396613
ck_d35c51e981b98c5c,0.011057369971292641
ck_27cdf9c5e6f0915b,0.025854543490687526
ck_d328db1e1052d820,0.022980919600541248
ck_0ea30eff5f361cba,0.006792854409272009
ck_9994323f97109f4b,0.9866341073658017
ck_09054e97bdf9624e,0.0057884401805156195
ck_723b4afc388113c8,0.003460371047253171
ck_588f6e6a6a6d93e8,0.016849208944259557
ck_e1d563fab4d6116a,0.002388556788413291
ck_53aca610e20598bc,0.00709573526214419
ck_c8131ddc7ed33448,0.012163134607349683
ck_899f88464305824a,0.08498116770444357
ck_1c17c65804f8889e,0.007555919403803708
ck_45a16ce12893cf9b,0.015903460534748077
ck_f9d481aa4f9b2808,0.4091881568896074
ck_1d5d74169cf892ef,0.015887668797602693
ck_aba32acb61c1aaca,0.03513271971031441
ck_ec4dd3675a8d28cc,0.01859468173939399
ck_5dcd443fe0bbdeac,0.005205483682804505
ck_3a47e3f54475e854,0.003940623513959517
ck_a9aa5c344c315532,0.01620968201196823
ck_9652283c9f61fcec,0.0018095989065873832
ck_752dd3d2487f78ea,0.00957994414563904
ck_a821980ac4db9943,0.3620599268568415
ck_93e0d6befb67f7a1,0.023636886809097927
ck_e7a3881c3e36bd51,0.41743200043957707
ck_12631b78f8a03df2,0.0026620632906299985
ck_57b8226610b48854,0.0048599411040721775
ck_352657008983fd4b,0.029440001498224115
ck_0841a5c24fd3dd28,0.039736919439545965
ck_db9b9d5d30f74070,0.08747993126426937
ck_a9dded7f6294e44f,0.07892847456736699
ck_91a16336ce3217dc,0.024446792266821327
ck_371bd9388b287677,0.0017485767666206504
ck_f285e5e1912a7c62,0.004477888645650408
ck_368b65fca69fc415,0.042031397515241896
ck_d27a73596b6500c2,0.059159822707385096
ck_2d963f9b2c4d11e1,0.02421104595434157
ck_7c500e219af39486,0.00429876734097255
ck_7d025dea5951cba7,0.0291108431022794
ck_32f632706608859e,0.04357216645951925
ck_53816231f3ffb48d,0.004446402511060434
ck_9dbe184e81c1ca8d,0.0752422693802726
ck_d74123617f22a21e,0.02167525314001996
ck_275386782b1606f8,0.0026064179470636664
ck_0b0e79d33e50cba5,0.00790196799579871
ck_ba93cb604f792915,0.018114294109495895
ck_a86cd653472eccbc,0.01887677445326268
ck_87771861e0447210,0.14541641501680294
ck_212380e0371d8a6d,0.024851491742699044
ck_ef0d702d7b0ed745,0.00290709036135526
ck_2b8f33e22f939372,0.9363665745844172
ck_480347ad92037105,0.024228655365100993
ck_20124c3a16c53ce4,0.014800357029951515
ck_c9e1e3229baae708,0.025441214173267473
ck_b1befe967f7a5ebf,0.05690543264500403
ck_4672167d7c989bbf,0.031026739195829586
ck_f0c44ee5e3a42e3d,0.018323475469272352
ck_c416357d20238a4e,0.012819006626166305
ck_d0f470f8078c91df,0.027711453934074065
ck_3a70b4ee59084715,0.00586404999085576
ck_179ed66cdfc1ce27,0.002519859422593304
ck_387e5a7f163c7837,0.017134612046000607
ck_08fb463e69f647c8,0.9915768647583212
ck_732f725747393ec8,0.029561508454041513
ck_7cc5e0fa3ca5a713,0.00495280041629029
ck_ad4a4daa826ac68b,0.08639742049059433
ck_472e0be7a3b533bb,0.01433903275861131
ck_7190177963eafdd9,0.017061080875686727
ck_647ac26c5900f082,0.00755290739410961
ck_272ae2179bbd8e58,0.008136595544199024
ck_09b0d8af304646bd,0.0010889788280490963
ck_ca0cc8ea9f344408,0.003025413564804658
ck_332ad134fb909869,0.00565159416615134
ck_fca2798914627dc8,0.0777970947833082
ck_4450b55f462ae134,0.002804768056225724
ck_d67d9dfb60b286b9,0.004173486521416811
ck_a9d2bb4f2bde7052,0.005230548610726798
ck_929bcae878a3ecb3,0.6045935008369112
ck_59a9e000fa275e1f,0.043919924099021936
ck_57f17254e2688637,0.01769366806583387
ck_0508908697f60ce3,0.05283917524565193
ck_946afc2943298d26,0.0032084745856072855
ck_7176d12b18f2cc0e,0.022230723585275235
ck_5c47b49c26cce286,0.02063427945071604
ck_b6a2bdb2d335e1d0,0.9822782134863437
ck_1d58f6caaa4d012c,0.024901182487513142
ck_71c917295020ccc7,0.012531479081212066
ck_bc89644ae3688995,0.010183721684121901
ck_e7c212f16d6df272,0.037758893412697794
ck_c6d2e11a368184e6,0.006505955472368379
ck_eed7f1f7548df15b,0.01557532810745412
ck_75b69034000ca7bb,0.024497839141456465
ck_38da3bf629458682,0.007874343506138526
ck_90114c891239d821,0.020888818737333704
ck_8ee08f6777cc155b,0.019787732722365572
ck_bd86132499defcd0,0.008026499832360432
ck_b95fbf2b5640aa82,0.010658430707980716
ck_c530235393360e3b,0.03848773185930522
ck_be52a7ec43241ba4,0.037685961431702934
ck_d96eb3cc55f2772f,0.00776739798378666
ck_dd34f0a844fb115d,0.43748730425023613
ck_17cc7b411f448e66,0.03223543131830349
ck_856ea65fa27d06dd,0.018911661305918512
ck_056d5f0301c30902,0.18640449913089874
ck_e662b14b2bab23a2,0.1048189077064048
ck_209f574c8d92274e,0.007061910955998659
ck_62720b81617896cc,0.021445567364285212
ck_041614694b77e599,0.010908520272881887
ck_461e3f7b97db8d16,0.0724105933491562
ck_1b74b798eebeabdc,0.017859028080768002
ck_0ed2739384f1d644,0.0029347004066093236
ck_5a4d19f1b83feeb8,0.0060350167857554145
ck_463937167965a1f8,0.022252939470252156
ck_9d7151dbdf100e0e,0.02598632139620425
ck_20a7d1ce6cc27312,0.005761750207295474
ck_6031211ff118cf0f,0.0032081064654978803
ck_a6fc92aa91e99b77,0.55085981426209
ck_0aaaa9d2f75a0518,0.0015185455308745232
ck_ec26e327cc1848b2,0.004076865012939771
ck_0e6bebf8ae9b9b03,0.012220782755757687
ck_e107537a4cb738f4,0.005826133519861902
ck_e8ea56e122a5a487,0.0242729891459976
ck_98149ed45d38c4d3,0.06023089313507192
ck_0e719b3a6906b8f1,0.0018725335164806371
ck_0c6e7bd357e4a348,0.004229064326876466
ck_d3b2b250da61db19,0.8235124353238906
ck_8bb6b0a292754576,0.1944450554018896
ck_87d70f5fe48a6128,0.10523782708288597
ck_ea9edf9c107d429f,0.013009155990635997
ck_059806c52cebe4f1,0.3183917414809364
ck_a72d6df666e1c21c,0.006885969168287808
ck_1d2b80ab6c4944b9,0.0070938169593066985
ck_60557f077abc42ca,0.2923034229180086
ck_e5f5cb7dd6ce4a37,0.03458541413433766
ck_4c4a939154446053,0.0019799433302148057
ck_50ede3eb561a202c,0.01992661165835996
ck_6d03a542922b2ae8,0.013452724697985549
ck_d6fe761ed0db3270,0.03762761696814088
ck_7f0cd6ea3096f985,0.007288393254883039
ck_23edb6d938a3b87b,0.013968245033750194
ck_799aaf9f2b9ef621,0.011183729272052776
ck_f8f6a03613b6dda8,0.002715524788666398
ck_7cffb189f4f514ec,0.982419585962211
ck_c081e1967dcd811f,0.022462278905632127
ck_583d6ca78c97d91e,0.34608240987130673
ck_9332bbc7125219a7,0.011030604291207328
ck_956b5af6d7d86c65,0.6242815553389319
ck_2d634e3f24681c0f,0.02013610292984158
ck_7b35d218ed0c5a60,0.012184008254725256
ck_ca5b1057f8248f73,0.025588593344496546
ck_ec5ea81cf813597c,0.03002635758860073
ck_eaebaf4d28400fb8,0.01797262606615121
ck_ae2ab6be219219aa,0.003688661791574113
ck_d99a8b4c820eb46b,0.013970192232720502
ck_bcfb7ffb7cd428bd,0.013743338849041473
ck_3dd542c2d31be2c0,0.023054336001917055
ck_c7dd84401e29a7fc,0.0016549332809083737
ck_c4bcc7cefd40f8e2,0.0016032342220382218
ck_c251898b5d51e3b0,0.023682371233917726
ck_36d37be780c1291c,0.0020769252251556505
ck_99b4f266b61ae7ee,0.02905296018474136
ck_c37f03995f0f0169,0.0023664917721671727
ck_65a23ac8e44eb901,0.004857652411650829
ck_644b1c1149eea9e0,0.03311447405644051
ck_9cf44eb0237c2429,0.006970575818690198
ck_20541686a94fb71c,0.06057307590043304
ck_c18245be844680f3,0.04230104701962886
ck_56de216eda6b7fa6,0.002314912020990885
ck_406c4442dee45cd1,0.0020980094842205452
ck_df1585c7d72a96e0,0.004636248225280528
ck_b8e8dba20676d87b,0.05598962543992274
ck_0ee6965e68efc177,0.016480327716999064
ck_c2a5c54ad8d0d297,0.011587432694393567
ck_bf6fb7e6470e95cb,0.0023630428269064796
ck_27fa694569140345,0.0014397969241986537
ck_e04166b0ce66393a,0.01154078608833615
ck_8742114f4f0cb22c,0.1636670763939766
ck_6eceeafd56b42576,0.08905963906522117
ck_34f9951b0eca1965,0.017294006205515394
ck_384ccecd342a24ad,0.0164690036934737
ck_49c98bebd1338879,0.0031253096086010885
ck_6c26c12071c91ff6,0.004852599791851824
ck_01e5986ebb9a78f1,0.03481463423208463
ck_121db7ba3be29ee8,0.009859494697707095
ck_039e6d5a330cea1a,0.25879166512668056
ck_ae8c9163cf957d7e,0.008528613915476158
ck_3f5e8f3f1df0c8c7,0.052579322881488824
ck_b1c51fdafcd80122,0.03130997985029206
ck_12e2b5ebfe8986b2,0.0038046393023896436
ck_d55eb81a4d543c59,0.028667011744115786
ck_f85155ca5c312c7b,0.045517010676423046
ck_133d8a1ac7c0e301,0.9930143762341881
ck_04212a9bb9b28696,0.9956736063070527
ck_4cc11c7d3ca61f73,0.003900358579251434
ck_2df4854186ec515b,0.014580377708659947
ck_aa9b28e7fc43af79,0.8102145210752826
ck_47cad6c3def4c9e4,0.002781398779010953
ck_fbff7b5da8111567,0.008327212378504052
ck_bd25ea782e375b22,0.017983141865176317
ck_7989376f8cf64a9d,0.015624201715061783
ck_675c0ca1ebb1051c,0.0064242430595679405
ck_1436f6e11d4008f9,0.017649743615669074
ck_812cb3a4482cc618,0.014506183918210505
ck_6e606f73a1094afd,0.02657190577382724
ck_1b708e2a4a0584dd,0.02722952837874306
ck_a60d6b324bae0330,0.0253755827145563
ck_706a4f673a9fda3b,0.5010371501612881
ck_a75ece9a9044eed0,0.004246483297928384
ck_9aa45c4e03c8c57a,0.027388030629349275
ck_9fe9bdce982b312c,0.04189962341113154
ck_c6fbdc5ba68a8466,0.016996677826627612
ck_ed0cc1b1c28f9511,0.042305915480442165
ck_a4e2607b4c8021e8,0.0011970255577894405
ck_e02f93f51cc8caf3,0.005091202735355609
ck_7084ed3cf20781b7,0.030402188105980287
ck_cd4c63155570d6ea,0.0024939472240022463
ck_d1b9e5d32d2d789f,0.007989187941659757
ck_68f56f6560a7a933,0.008359421035014523
ck_8bedacc6233c6269,0.02244925242932185
ck_ab7cb50407d6b13e,0.0267035846926082
ck_f17ed7e0fd687742,0.07114312491578836
ck_b0fe4b92fc70f72c,0.0014048896461229172
ck_84d62b8196da2452,0.02499387473341322
ck_9e298cae167f4693,0.004374395808619566
ck_405b20ef9ad0ba5f,0.10007511938280016
ck_813e02e1ababd177,0.014166122363624026
ck_f234ab47061ba7c0,0.0023366603119810377
ck_22b587c18363899a,0.01572639585100216
ck_4e862c2f48c38aeb,0.005271176468122096
ck_b89cb90a420c9075,0.006197677616333772
ck_be2251640f27a3c9,0.1078887097280328
ck_46bec0bff167ed3f,0.01914084803149991
ck_c0032232c2868328,0.007363778877017089
ck_030cf09525dba4ba,0.009386242398597758
ck_6ecf56236789fc09,0.968525822295652
ck_38d4ed52cbe6d123,0.03172345197777284
ck_2d923d957ffd4d53,0.017691555571008596
ck_3af1eb88728ed8c7,0.0184723272204799
ck_2f8120ca80a1592c,0.005262009059266262
ck_6cabb1a133f0b151,0.007606096035012728
ck_bb6cf7e7b707731d,0.7025502453627483
ck_c8307fecafa90140,0.026512819744849432
ck_75f968be67f46d24,0.04358642201956456
ck_df6fe4ec5a233213,0.006131188530930968
ck_b53e88c0e927d896,0.0018285241291076473
ck_f0093064aa28f4d0,0.018620756723851526
ck_ec9976cabc63ff92,0.005908688117844861
ck_30dac0a58c5590cb,0.0581725052000248
ck_348a525791ae6475,0.059306683778781226
ck_b898d912d1181ef9,0.00562236678698128
ck_f5b1200dc6f95760,0.04503549967114406
ck_54978a073e7a0b1a,0.007493264792978301
ck_55933936536a4071,0.0080829533121291
ck_d6ba7ffd2ae08863,0.03278591339229129
ck_404e2217fd87fdd2,0.003460117783289952
ck_dfaafdaefa5716b6,0.03146199533681561
ck_556c62e92d4e7e5b,0.09697413922562488
ck_7ce44f4e06d58111,0.07243724993981784
ck_465cb8ce232c7670,0.016839264095404843
ck_237508ca4fb37268,0.0791403424523794
ck_ba4a6b9aa63964ef,0.020118119368732222
ck_4802a0a7a1882c88,0.28246689023581684
ck_9478dfe4114c30f6,0.005775492611058891
ck_5138f6c575dec64c,0.028825692420884653
ck_aebb42afe430e2e9,0.0055575028471314385
ck_004efa95555437e9,0.007734831442501487
ck_11af112667c98394,0.004540574204996574
ck_44e9a18a8645c9d3,0.0022137770959178545
ck_2605fd571219e28d,0.0021547188377123356
ck_dfc933493561d84f,0.01999203640093289
ck_67674348e68d1f25,0.008692269041490883
ck_dd97429277a2fa00,0.1035193339071052
ck_d3eab7a06eb48348,0.07801685312077972
ck_0b9fcff9667ec05a,0.007695456381170022
ck_fc4bfd6e739bddea,0.0023510071792362803
ck_43292f70a03ddf2b,0.03666052796096386
ck_5ff6108056a3fef5,0.009887475133274098
ck_767e0be086b5f601,0.04302180026737313
ck_b8465b1a5666155b,0.04147537258591375
ck_ab2e3fc56f5b3aae,0.10740072455042145
ck_1833c81d693c1e07,0.9563837684970657
ck_0308e0602b856445,0.003082805697091553
ck_ccbdfe744acff8bb,0.012606972537994685
ck_b294aa27a0b586d7,0.004427337229781017
ck_a3747201f377626d,0.971708952003189
ck_edde1d7d1db24725,0.02241710941460514
ck_ae3b47d6e1063704,0.006337881370064332
ck_3aabf5e0f4defb41,0.011480676852036192
ck_f034adb57391f3d7,0.01875588599471875
ck_533672fb40531607,0.21108925814512972
ck_2a244f1ae08ef83c,0.03979326546143415
ck_a35d81bcc54ece2f,0.008001054468787246
ck_78a61215675b38f0,0.011289777353873796
ck_e013d88ea7939616,0.017046360259406135
ck_e5018f9418e0102e,0.028053531398877146
ck_d4e024fcda401a31,0.005421288058874921
ck_f736cffbdb82db34,0.0016566900888096005
ck_1507f5aa50cdf3a0,0.010526792070284788
ck_18270fee7c8fcee8,0.00307722723334111
ck_95ffa1a805a1c9d1,0.0017717445014005001
ck_11132d245b94d045,0.0021167297286954416
ck_7b93a622e40d8b14,0.03538207352421087
ck_3854c08d17704347,0.03793258420267773
ck_7717fcb100dc4b5f,0.02988844399206967
ck_ba54e0a1c328119b,0.4856142076237677
ck_a7afdac4ecbf2de4,0.6516121935162815
ck_ecfb771ed2352085,0.005270136361039941
ck_68be4fefc85a6b64,0.6233910802484957
ck_dac7c50bd6d0148f,0.005729874545647688
ck_87cf36a03bd63c24,0.06487124987435659
ck_8adb40b168b59d7c,0.01734400972058034
ck_8d2f62930777416b,0.07577251130914502
ck_9958b58da9e3c21c,0.02555277967756565
ck_9440335375701f44,0.01566386517848996
ck_e2f88e202b6f700a,0.04723911988579823
ck_4c7c50684827a2cf,0.010668553838979957
ck_8a6ea4a79b1c7a8e,0.013312997288296867
ck_186dbff4b24a3bbf,0.3353800641437208
ck_220fda3c11c59b6c,0.05540491376314636
ck_3acccc69f8b1fd14,0.05903563747296745
ck_9de191bf79afd676,0.011744989472132993
ck_6de6b1663f9457f4,0.00364020274349202
ck_062754f8b79b86e5,0.0025069194442933654
ck_aa153a89a52f7eb5,0.03481557728808745
ck_34a6bd3be642f15c,0.018778427308116668
ck_9371c700d9830326,0.03116769403534019
ck_a99e0c258ad7576b,0.00707851501844463
ck_0a7ba51d626e932a,0.027969802479171052
ck_852c50bbba1ead13,0.057414033693423475
ck_43dc13b6b6d31297,0.04111023228024892
ck_7d81b59d615a6649,0.03591427731859446
ck_39a3f1da060e88bf,0.007923036498458423
ck_6fb2d142c09ed3ed,0.10590883210358136
ck_6e5752b87324b58c,0.02510413112652148
ck_9441d48a12e8a4bf,0.06951044098807542
ck_09e9c51eb538b255,0.01446099254521884
ck_8d0cd981ed3a183a,0.02927497546937946
ck_57c07c45269ca8c0,0.007749345590524259
ck_ccfc9ab888ba933d,0.008345280475057367
ck_9658a6ef471053f0,0.012661208781358051
ck_dac3852758f4ea89,0.003455337267001366
ck_b1ed2278f5f14d82,0.04078645098302895
ck_333544d173524f70,0.1907180647074581
ck_fd4582e3853ef23f,0.01353323511979232
ck_614d936cef98db04,0.005865390922896221
ck_6bc351a3d57aac54,0.009505803315088471
ck_af5842fa7202ff25,0.006091671692870534
ck_81307759252571be,0.010360320718038938
ck_b4d2f02d2cd45720,0.16730495282320687
ck_1bd753a4681946c8,0.8957471907911717
ck_46d8c029d46867b2,0.0018334422710246188
ck_b7da6640fa2f49cf,0.271819343315255
ck_9ea3d5a5a91fef9f,0.3981823477457659
ck_7b922518f667f76a,0.0012748773940230364
ck_2a5b31594206eb30,0.82657683640737
ck_d9506476ad3f9e08,0.026401017120892403
ck_c8791f7ebd4d93c7,0.020830375477000358
ck_b5a3e20fd210017d,0.008966000783020135
ck_8e54386f4fe22cad,0.01364509782277436
ck_75296704f5806f56,0.05202321151419862
ck_0fbbc7a6af300368,0.004979174160746584
ck_d19bf4dc0627113d,0.0018125914079383878
ck_7951bd4eb99a0175,0.001359166079037273
ck_059e4fac6b7f704e,0.006539555266467479
ck_2ce8931af02a2ce3,0.012647876103507585
ck_9e665618a4860306,0.004076463684608833
ck_6fce5a893613fd2c,0.0014956505996651696
ck_9e3fbd04e3532f32,0.24322906755836532
ck_55f2ef0de3420e3e,0.015696002868313248
ck_8d87658a6f5d204c,0.7196735968016734
ck_6d6ac1f5dd882aa5,0.003006536432883728
ck_55d0c7012d7ef236,0.050750003831579085
ck_7738eb085e5753d6,0.008898852525522515
ck_0e6e05c3cc8c8242,0.00703893200745424
ck_8d27ff8383d48132,0.004587253269291019
ck_9afc3bb849f3a64d,0.02203120090280125
ck_27eb86a9898cdfe3,0.004717511906896906
ck_1d40e4fc541abe93,0.08969273321771702
ck_4fd9dc00e1913587,0.9371615496943996
ck_b26cdb2b7b165d2e,0.027910990518801766
ck_a79a27767a02e31f,0.011201125731910176
ck_f0c18cb9f951a71e,0.022424796893954047
ck_50460e0189de6274,0.8179410350212621
ck_5e5280539257c986,0.01127965161529526
ck_eeb854318b3a6f0a,0.017142069111917353
ck_943f66f28dd24750,0.0028514608362909585
ck_984dd7452aee372d,0.02696161028821514
ck_ecaa6de0aca5e9a0,0.012887397370995554
ck_8f1cbc432e2774f8,0.03801611597764558
ck_d91d9f8445b9769a,0.18034501707938858
ck_73c18e03e3c7612e,0.0023537524599623037
ck_aded05ada490da20,0.008180877885683337
ck_f744e208183971f8,0.0029803200649498097
ck_02d4cef6358ad3b7,0.028294665994298546
ck_08ff5bd467226a5f,0.0026795465810628125
ck_f824b326d5089885,0.19829895897695288
ck_3420f2fd520890f3,0.014795112858504334
ck_1838cf8d00f5b1e1,0.018602166924123753
ck_a85182ad90b6f1e1,0.004565862136392977
ck_fecb39c82c43e76d,0.04985229302125658
ck_162513e73782929f,0.015370046532484619
ck_2c27b77c59d8f23b,0.036060485907808956
ck_4221e07b17388fd3,0.03135547633359693
ck_adfb8472d5c3d669,0.015402965384185282
ck_0742fe64055d686f,0.0014409273241601456
ck_5060aefcc8b6f958,0.019299718072363803
ck_643f549b4ac78a26,0.2675724632582537
ck_dba767885bd6ad69,0.00696740249526253
ck_0dda35c0c64c7073,0.9648577508905526
ck_38ea56d43afa5660,0.021327505559308745
ck_d813e15ac91f487c,0.04553622123929101
ck_4c840e5585a7b167,0.13145811521424497
ck_cb8551453a7bb929,0.002705397273409086
ck_05a00b1dd5a03359,0.012743946400864356
ck_837cc7fd48453a01,0.014079703419935313
ck_49dd816b31fba6b6,0.5878294626908298
ck_86a61d9a39768e87,0.02159466533592814
ck_cd0e76f0e7bb38cc,0.03625000428755869
ck_dbe58392635133ca,0.016226350052162494
ck_3caec7dd6f8d02c9,0.048045832212219135
ck_bfd9bfc5b6ab4a54,0.2771293481479689
ck_2103399bdb2898a6,0.01095647029305509
ck_329f7de7279e74c5,0.007373150432321446
ck_9bf0d28119fc42c8,0.027565792624111324
ck_f781539b1042dc83,0.00564558212372766
ck_9986c7d781ac6b4e,0.011164875462258646
ck_a627734880aca848,0.0004974896200856946
ck_2106e509d77fdb4a,0.3194378244377414
ck_420d1a9c604293ce,0.010911143675756445
ck_fce0610c527e2b56,0.017188312907312254
ck_073da541ec3f9d3d,0.012639155039713353
ck_aa5f3ab48c17fed8,0.15303735272792454
ck_0fc1086e1c9e04b6,0.02740238488615337
ck_5c33bb46c1a5945b,0.036945357054072564
ck_500948a8d4bd8e13,0.0130889395367296
ck_19becd44f2c3d2b5,0.013732448700781814
ck_7d0fe77dd5ddb656,0.055808843468507396
ck_f158d9e5f101bb35,0.009105816563753142
ck_cdd7c77823c2257f,0.09126337395141874
ck_6c7b41374f9b2e55,0.015817229371700804
ck_417090dbffb1a63c,0.03193837289495339
ck_dd0e17605f970319,0.011626876315626037
ck_3646515079e6be55,0.016889009912966414
ck_89c8b06aa8c84b2d,0.14351679386204752
ck_e4d6dedd97233c07,0.02517142001619452
ck_bc82fb1895fddde5,0.0013609288883323948
ck_88a8b1d442ca3686,0.016954826172457586
ck_5791f8f76a629a4f,0.025688884185083
ck_9cf5e88e97c8c7ea,0.02322986766489189
ck_58fd684aa5a6f289,0.00191747845029157
ck_9800c21dfbd8e811,0.006870782539742812
ck_8ae64df60ab6ccda,0.015336845311255875
ck_e535fb0f0c00418d,0.1164545235665613
ck_48011996d54855ac,0.6743243764583693
ck_ac79c72a8fe3fdef,0.150410134552487
ck_b8cc2df5192bc49b,0.058830589111988726
ck_e96a5e1f08f8a867,0.012199875339838425
ck_84df6770549e43fa,0.007388437040835328
ck_e5f7b99ba6ec5767,0.05048614641378982
ck_8347455ab53ff620,0.0047581427093727376
ck_a84f2cdf695a71d6,0.005135166472991836
ck_90456160115f9ef4,0.00599649185381009
ck_ebd178b3f3a9c50c,0.04410465084553199
ck_e1140be6157bacbe,0.002307051419258746
ck_744ffc11d32b96bc,0.006901290313945589
ck_e12a9f7d027e3387,0.009761834329323106
ck_cbe525da0b69f18a,0.010961931802710137
ck_aa59702537557ff1,0.023205492320111785
ck_0348cc6908f7f3af,0.0007457989806639156
ck_120e995d50956bee,0.050159985730827486
ck_9fcde1ff46cbbea5,0.002366246585899847
ck_54b0b070689c50d6,0.0008729112957589905
ck_966a167758fddfd4,0.040056794182976675
ck_d5194f2e92fd6427,0.005293712424200775
ck_2ee84f3fa27f2cb8,0.012176132284489443
ck_57d0a7eb7eae2eaf,0.04393991706698486
ck_6a2c4edd82e10969,0.002426139608249689
ck_96e4d38ef670eaff,0.011138257893481083
ck_52cc2fd5095b169d,0.01917183321603941
ck_4b088920f3a844c1,0.055220927387270746
ck_8f3ccbd20d59f1f4,0.008021314730342238
ck_e5e5dc431bed6f9d,0.007292058580704647
ck_e8b5bfa6838e28d1,0.011902962880369383
ck_4bfeb78b47b7c6a1,0.02520215723729619
ck_a705c61bd679496f,0.003747300414906645
ck_731869a0c39cb2fe,0.08600270705246449
ck_259eb102342057ea,0.0016020082717510735
ck_47a6005fabc33551,0.006372670993124242
ck_682262b455a9edd4,0.001576347652997341
ck_e839d104854945f0,0.012368895256635953
ck_761989aa4c47d746,0.012289347021431384
ck_44211dc210139ed3,0.016467350331410193
ck_9915ceedf63a5289,0.09756463773543028
ck_da59ab47cb6284ad,0.0020297649321190303
ck_e5cdbfcca2456652,0.004606284490698925
ck_13f2560c6a1ec62f,0.041824785025412155
ck_a0543e9b3abe1001,0.20346813138105896
ck_11c7a58e09e6547b,0.033827954882617924
ck_69587a134d43a4ad,0.08992425610143433
ck_28dc0de0ae291f37,0.03234670970586382
ck_298922703c5bbe05,0.04055940801744386
ck_fa5ba9ed9ed6a343,0.016411158194760377
ck_c08e64d424e56c05,0.04724745308909612
ck_598e036a28262aeb,0.02720338562504876
ck_3f7c870510083a51,0.007338186151115086
ck_364f8203a3e98d36,0.7900333915128792
ck_7333cedb61506ead,0.00570431696807963
ck_1d96d7fd65f208b2,0.021040993763212005
ck_63133a79f23e2627,0.2640386682313194
ck_901d820e0b72abae,0.0019003456976326447
ck_5dd80b3c01457bd8,0.011918987420723537
ck_c0b8067c144ed6c1,0.00688737579872082
ck_cebb8aa8c8f62c60,0.005333366831468024
ck_79749eca42ff1f5f,0.02343768998765373
ck_2cc1d9b587f6da31,0.05889871812010226
ck_ccc7916b56d42195,0.006174659191083672
ck_e43e53cc7b8b8e41,0.05183670860150254
ck_4ab74a6e7450416c,0.0051509400177407955
ck_6e44024e9de301c6,0.0019174034427696602
ck_dd78cb6ae2866cc6,0.01677484781408008
ck_c363d3b050baf3b8,0.262525426634483
ck_2d46291975f0dd08,0.002453499575623757
ck_76ebeb5aee42f041,0.055025166911653316
ck_8395f004cf4d4c08,0.0024608258785267833
ck_de7259c3741db179,0.015397007712639731
ck_3938e92585df2b34,0.02368754096491397
ck_af69bfcf4f07d932,0.008257485228920813
ck_1723900ab9afe374,0.07788081269267713
ck_3d58628d1c853c8a,0.010128400307865038
ck_12a074db100481cf,0.051813518828713115
ck_8716cbf892c50e29,0.010635388116700527
ck_fbf7351958ad9615,0.0071956531145527265
ck_a50370907e6b397c,0.07397523150040404
ck_937402a60df0821c,0.001856323752045086
ck_8ce9c5807acbef48,0.00791443991288667
ck_acf7d65eaaa4c31c,0.0026628959932335494
ck_ec3eb6dd0967cac5,0.044631713599071435
ck_fc832b0c90c9bdb9,0.5170393273497387
ck_8129e81cde280131,0.006348763955551559
ck_52c0ef68aa2fb8cf,0.014038208279314382
ck_06f042e9b1b662fd,0.06230659431255318
ck_0bf35dcf7b38f650,0.003959533026548589
ck_615763afc2e17a7f,0.0019894143658531127
ck_e72db9d4b2fc9997,0.9800911487381548
ck_13757bf0eeb353e2,0.014053948610977647
ck_abaf371ec8249c4a,0.055237854805587135
ck_9b7167da0920c37b,0.07502467712060497
ck_2e824b0b27494a17,0.020934953268835405
ck_9a0b605e9c3220c4,0.03681801099427606
ck_a5276af466b681de,0.003436774168815278
ck_9e0383e1fb6e214d,0.023204728274139854
ck_6a27c44b691dbfac,0.004435254592253388
ck_af39767cf583905b,0.02209296159076196
ck_243b1b9fdd3f9a74,0.0050487795046496985
ck_c0422e638a9c6046,0.02641951688018629
ck_e0f3ea3373dfc4aa,0.03188266170237362
ck_d56ee1654378ffc7,0.014303674305743993
ck_20cd2f5666719baa,0.0017214078606435108
ck_4dfa1c1e9b69fcc8,0.00855617274995691
ck_5d22e9ca1d15180b,0.47713444156852514
ck_f4a7ac178fd55f0e,0.005664103463870425
ck_fd5609bd23a1eaf8,0.005219891988358946
ck_49c3bf13dc9471ce,0.01629906209102034
ck_724085c3452d4693,0.4137227912569671
ck_e5d1462846154a75,0.014160709252553496
ck_c69ef0f3e7d6acf9,0.03511271168716312
ck_a2d0417791d4132d,0.03494777193341366
ck_00a07fc2a9183c3a,0.002140274790168641
ck_781b8288e54ba8f8,0.09996192478853311
ck_d74a62ab3804a81b,0.005628499650363333
ck_abcbde211b6267f8,0.28735680097033334
ck_16dbafc035574654,0.0100146788906897
ck_018f780215ecaf38,0.005746454817649283
ck_0b259620eac51618,0.012582607112749387
ck_4f875342394c110f,0.036778226078863496
ck_399e45e5fe9beaee,0.006378041787404156
ck_36224a2d394ebfe4,0.08755845342151872
ck_c189b551bd111332,0.0028902518097310118
ck_125c5a720ecb177a,0.05780316142502084
ck_76d010aa02eb477a,0.0029061801624517443
ck_1071d14c46c92379,0.16706474840078916
ck_61d244b2cde483af,0.013933179034878474
ck_2ff1860da2004c84,0.004953276976230292
ck_c5b583490198672d,0.010172406269480006
ck_1294f7af22fade11,0.0493518475669645
ck_e3a22799716df39d,0.004067021446583085
ck_c77e22834ef97005,0.3046139612197855
ck_73d3689728270a2b,0.0011282960043784848
ck_295565fbf77ef885,0.00497078637877407
ck_80c0a7f54ff4895d,0.012453386373974563
ck_f1ef5cf7f10b16c8,0.054205380319755914
ck_a958b2461ffc21a2,0.08070863525388156
ck_0e7899a57cd617d6,0.00208990485972992
ck_9d4fed252718f58a,0.014468618004573918
ck_83c2c34add971d76,0.0029828611130137046
ck_9ccc030ba2de9fb2,0.017648403227282485
ck_cd691e3466fb3742,0.007661250665019436
ck_49df70f908dfd069,0.03906643060584453
ck_362ce13eec1e33a0,0.0025620169937154657
ck_2452a30397dfc54c,0.006198720419752476
ck_a443d49c2b4863b0,0.0073412763311568865
ck_c8b2e2cb349dd0ff,0.006570498299720566
ck_354909fecf5da8cf,0.01116234907277598
ck_841f598bbd54c83f,0.01657759671941721
ck_cd6fbd4e8724f994,0.0365553232001631
ck_e0b3158111370118,0.014570435876252874
ck_4c2f2eb657c2c60e,0.0046784242806309495
ck_ef346071f0b7654b,0.01530777352587259
ck_f3bc10e3decefce4,0.0040103752009854705
ck_189b6fbe9b9192e7,0.005562982134315232
ck_5245cbc5ff4d4fa6,0.020047894842675214
ck_cb42e3be6fe87f60,0.00656901260164285
ck_966d4d713cbc7792,0.0019454238996915588
ck_1c8c969667cbaab2,0.5416980400504906
ck_d35e3aa9ef5d405e,0.24458065347286373
ck_a1c39df50a5873b3,0.050077212947502746
ck_a152165caf295b51,0.051009332053128686
ck_891eaedae139828e,0.0049136715944403135
ck_1a46b56f4734d52e,0.02140460088645865
ck_5e36042cfad96c99,0.3263816987117879
ck_02a8582c2603e675,0.006575166314297991
ck_6def9d0429e4ed4b,0.019426144738286022
ck_e137400825a1e3e6,0.01176767596976609
ck_d91ab840848a54fc,0.006098359558044097
ck_becb6e1c608e0078,0.004965556295078187
ck_6fd8c86ac719d7eb,0.18996223213544933
ck_3ed4d13f12fd9d0e,0.07636157471066846
ck_007337aa99a4891e,0.002084654726502313
ck_60c3d8306527a08d,0.0027558608719297135
ck_95458880a54df0b1,0.3122725702237658
ck_b48cd8593533fc1d,0.7037899163914859
ck_021c6a4a7e3f1f0e,0.002152134291582924
ck_764d40f865e710af,0.022921610988301328
ck_4b84357ae8ec7777,0.00800059950407311
ck_3397c7856b4669a5,0.0019029426090203267
ck_920bb003b42e6310,0.002274609072752451
ck_8f59f11b512d5b7c,0.09306717881578648
ck_a3acf4b986afa98b,0.39847100394620566
ck_e89d25ed7bdeeaea,0.005007100555762392
ck_70e6bca473bf6902,0.011134545002837433
ck_186161ce152836f5,0.011339123019137578
ck_9191579254663f5d,0.011564741623037816
ck_1e6628879e9d653c,0.020649957569476303
ck_b498fa91a0776ff6,0.028240915613446844
ck_cfc2384f22954830,0.15272883493030256
ck_17673a1c2867888a,0.0010739934320260064
ck_523dce06515b072d,0.025790410160759804
ck_c20638a325ead2e4,0.0015857412832987292
ck_d3877e1f907cc148,0.04397562641320669
ck_e9a2495dea8675e2,0.01786840261349293
ck_7e561caa5fa1f3f1,0.05100609547783802
ck_455672e652fe1abc,0.9747161306318652
ck_7f8f864fcc90ca82,0.02422865410376602
ck_1ad36046aaeb816c,0.005576158923971468
ck_de056e37c82e8e00,0.014527851365110256
ck_7484c214c889fe7f,0.03154451270080511
ck_32430e678c4f9f53,0.005289913298193155
ck_6276ece8f80ea799,0.014338161092822483
ck_ae8e5dc4b725bc25,0.07194770344881449
ck_f01be92dc78a2dc7,0.011604532353577144
ck_233397a8bd40d38d,0.00431059098429676
ck_f8124911450fdf31,0.8413714921185065
ck_aa0a3179f1111674,0.007231797218045838
ck_2366b29ed9887a5e,0.005478508738749843
ck_1f22f04dfc08cf27,0.006803409463057002
ck_b62276c3426d680c,0.01937438361103458
ck_d099fca88691f66f,0.042051693254230804
ck_166bd1dcbaf4d6fa,0.0017924865993602488
ck_7b1660e942436e12,0.012358761374044206
ck_4a9a791a1d409a3d,0.021763705426035937
ck_b003e5b54df65db4,0.009721081137988837
ck_64b4dcbf436f0b75,0.00523914188704293
ck_26e9a7bb2061a58e,0.029211594066599712
ck_08b77ad5f8f73007,0.008947803962886107
ck_366616a725afc6bd,0.049199787333810724
ck_934fb5064b6eefe2,0.002149249278567746
ck_c6abd5d57b1009d2,0.0048680197398436875
ck_edcfa9e1cf29d813,0.01855505596764121
ck_c30201ebd003fdc7,0.009541884637700938
ck_c54643d94d3ce355,0.06255422547370239
ck_02adda6e91e49650,0.023616140861722913
ck_5b73d7c5255e58a3,0.1846731855965167
ck_129ffae92dc01408,0.0025336661120845773
ck_fa321945ebedb916,0.0792318221007698
ck_8da980cb2e1e2bfb,0.025094255642499667
ck_0576b00d728bdf19,0.06762316240359449
ck_c543d82e22b3c8a5,0.002890324226101483
ck_0027ba644f9ae2cd,0.1549140933193782
ck_8dbf61df902a6bbc,0.001595379706680525
ck_90eeca1cda79fd41,0.0033354628502177755
ck_86d7127391d4e01f,0.00126106630244496
ck_73762038c7ff2f6f,0.004784407001588926
ck_a1484e6215fac651,0.43964451642093894
ck_cb83b9f806e90dc6,0.1408398020242891
ck_8c6f059c95872126,0.0052323979954666654
ck_3174419a81e7caf2,0.002256299970907975
ck_6a0f8f8fa4a3c2bc,0.030461824941160044
ck_b5777605668bfca1,0.0038875056086762837
ck_27e4de495abb4d15,0.0024411429268249322
ck_7f6fa79c7a107161,0.011794261629617572
ck_c36ed9f8e6792ea4,0.04371878099076014
ck_67a1aa88d2ea554a,0.06337067050613963
ck_09748dfe4df3d540,0.002903074961378408
ck_27fd85b1e38b675a,0.0024175922412473026
ck_2369689bd795ee10,0.015735112815537387
ck_4eb1c12f7d092bac,0.0011749170027716782
ck_01fbafc42c8e33f5,0.008636364985481348
ck_93c4e05699b3b7d0,0.007945833811316687
ck_afc484d1b6907983,0.005546534104514452
ck_1b2d9cae92a1aab1,0.04540451898976003
ck_73b729cb161487f2,0.004382486311209403
ck_fe3c1d0ac090d960,0.09369424133879774
ck_408efac1d3885ff8,0.06661916702825142
ck_ccb4dd9d0a48a76e,0.0071321449895946935
ck_2987eab34ca7805d,0.02879113123158928
ck_1dbf1f15193197db,0.0662721215887436
ck_4ed711fe4053e74d,0.12838023029791118
ck_6c54adce174f45f4,0.010076047035500638
ck_a6c740041faf0bd5,0.008628183348610081
ck_b05c4d33c4f43639,0.03346501598836223
ck_032880f1114dd51c,0.012392312818466993
ck_22311b037456a76e,0.001910375641636047
ck_5866b413549765bf,0.0034590774748888566
ck_0e808afe2570ecac,0.025288792714454597
ck_634276b05f4381f8,0.005565623577674825
ck_5d8773badd0d4740,0.013381368671799291
ck_82b5b79ce3517102,0.9479965542399212
ck_b378b8d8100ee4b1,0.022319371552375542
ck_54e581f71be5430d,0.004819975788798907
ck_798ba4b8aa544fea,0.002368528518393972
ck_3fe86b6331ff95e3,0.08425950332587663
ck_81275d9d4c559e6f,0.016148738722897328
ck_99a4e5ef02d89493,0.07527307531846497
ck_54e2eb018d947790,0.033179324713243336
ck_966901ea9c77cc02,0.006911748615202298
ck_27d69ff4e0cb428c,0.12133904613888409
ck_2cee2dd7bbfc09a0,0.8116502489916997
ck_4136b00924695ab4,0.0011436143723808341
ck_59a164c40c03a45f,0.032201655683698954
ck_3e24b026bc66789b,0.001291865665202308
ck_8105bcf69a75ee47,0.016730246269233404
ck_7a1782cefe26a456,0.03212763918241748
ck_970c7dc195161272,0.0017073093393865902
ck_a48ec0c00ae20e82,0.044997580695481376
ck_54b374ade34e1dc1,0.004886336899471074
ck_74e5dec189761d14,0.004068596324780115
ck_4717f24f2c6f40e1,0.10574482765894835
ck_fc8cd8a8209e802d,0.013874252152627496
ck_71db4131d7efe218,0.008088172635806279
ck_45424ea6f0bc4650,0.1258657209766515
ck_3716c6181a5035bc,0.022872964853180303
ck_26de14b96bdad4f6,0.008980141108890411
ck_99c0a41ac9c73857,0.0028567678781488016
ck_645f15bbbcff3b4f,0.9477525703705248
ck_b7e25ddd41514d4c,0.011432682884385032
ck_d5c14e877ca7b755,0.00196277261770033
ck_05ea4440dac6cfad,0.024515424254568964
ck_c58bafff7b1955cc,0.011826441248176408
ck_f0cf85b67a9b840f,0.030371211922565457
ck_ce1500a7f0d03fba,0.009537914597029564
ck_d4972a775aadbbc8,0.010940412888050146
ck_3eb6146c262e0fc3,0.005547055723715119
ck_afb23858a4ef42ed,0.9563388777892613
ck_2c1def5c91c52a5b,0.1882092479456085
ck_72e550559487b919,0.007244755520336587
ck_0284dc2b4f856b3a,0.15646627574196373
ck_03be334935e999a2,0.008645786005505803
ck_e35a4b4a3cb4cedf,0.010268104435519641
ck_5abe57dfff4b735c,0.02398435390379824
ck_f5f87f772388efa0,0.022859367368339694
ck_5a22cb36d612236e,0.01089597507715849
ck_8ff1e6028e764472,0.9214875080682846
ck_2ab28149b0986642,0.02250254281993511
ck_c88fc1bac79fa6d3,0.07878262426660215
ck_5b137d74bba6b1b4,0.001526449496781298
ck_11f362dca2dfaf5a,0.008613845070258096
ck_7f960541e5174565,0.004670907699796736
ck_d5458ba39ae94498,0.019094230066454346
ck_0a921a73a90c2e39,0.039414428099806394
ck_6ad56ef40086dbe4,0.005355395956489907
ck_b68199ecccf2350c,0.003106673723694231
ck_6dac66c8198c07d8,0.03211300310972079
ck_9b9ce7bebc235fe8,0.004282684508233891
ck_6b817117d87063a8,0.012677970170434202
ck_900d62b3184378c7,0.004641351289320142
ck_eafe9b89857149b5,0.015589836372383493
ck_e74716a525ee5b24,0.0034722008586126276
ck_4e9a6f06ab134102,0.010220231130172598
ck_b0d33b5a3716661d,0.0059318865339326446
ck_8703543bf3134306,0.022213447328239558
ck_923d6a0f83accef1,0.015388346795662002
ck_52e37e2170532e2a,0.12364464324062653
ck_c1c5ea839c58958a,0.04595202261802731
ck_660f0006780e87e7,0.02030623215889693
ck_830b2c5d1818ac07,0.08537825496212006
ck_b080ff636932d1f1,0.0005897933570380895
ck_38730aace405f2ae,0.9888938061429661
ck_9790138467a06223,0.0020320738894505684
ck_10de0b0d86b17839,0.007305747354769597
ck_c3e37a4d3382c32e,0.00490868995100735
ck_dd8edfefa1eba531,0.002582600506575241
ck_8153cdadd300d234,0.002324972762758239
ck_74d0e7c2c6b63d36,0.9597276967323694
ck_c478aae3031bb328,0.004536245659337804
ck_cf301f2194975866,0.004022826350223473
ck_f4de03f44e3a5bd5,0.004310812812983853
ck_b06ce826e593b210,0.08794597050190406
ck_2fc70b6baf6a0e26,0.007127406649411533
ck_d208494cf5c90047,0.04428494736666406
ck_086d29ccae565e5d,0.0026693537773613244
ck_d5ef6dc116dee408,0.015653812338562927
ck_fdf0c5b722d83464,0.005774376874183241
ck_de8494b13adeffb5,0.009728146578297367
ck_556786868599143b,0.017719894753727778
ck_4940e78cbdcfecf3,0.026091455340826984
ck_d32fbbfe32c00416,0.01491314986101274
ck_bc7710f7e9fae649,0.0030300736377682595
ck_416f7ac57da081a3,0.016256959097949948
ck_6fb39b60c67d5475,0.0034983226463674937
ck_e40a156511345d6a,0.0021924394056451048
ck_49ab879b5aa7fccd,0.25487842511303693
ck_bb643194d1cbc47c,0.9845168832037964
ck_b3ce8f1bcedfa043,0.020601248302408715
ck_558ebde8c29132a4,0.02891192132355998
ck_e6222925762273b8,0.04421904817170504
ck_bd80546b4807dd59,0.025143432181963483
ck_bd21164bd2bbb635,0.05514258638045171
ck_ea835557d7043667,0.015690700244603874
ck_1411a80a157ff39c,0.007844920842593433
ck_ab973888c20c9120,0.06928351327032613
ck_95b48972061abe82,0.005451525514022121
ck_fc4a43f8876bf10f,0.26110290352373117
ck_f34fb7ccf82f41e5,0.009682060982760587
ck_5af9934a56801ac0,0.00907026888672521
ck_fc7445ec76389a58,0.3555025413315408
ck_1eeacc26f02fbba4,0.046652650061915726
ck_4f325dd15c9bd45c,0.0463686038578808
ck_5009a6c8bbaf15ba,0.02987091096149383
ck_0f3de7f074bb33af,0.005012678636311828
ck_2cbc2f93a32eede8,0.07145528799347481
ck_4bb90a61c21a303b,0.006096327006593615
ck_3ade9eac7d7b0dbf,0.2716214977477634
ck_4859a58629622915,0.09854020885487787
ck_5fed957287ebca03,0.0020950256430723436
ck_ec01ae5351500355,0.0031812485245499727
ck_703b41624ae6a5b6,0.007003515030801494
ck_97c38e7f61c27e47,0.018168413414887234
ck_db2c0908150cb2cc,0.03711197596444635
ck_64ac5e6fed86ab60,0.9379120070214522
ck_da1c853b0a061e83,0.04433083101749793
ck_9a36916b60178ded,0.6117253742714576
ck_3715bfa7fed2c675,0.005637593553906932
ck_dd3feb77d7d4f6d3,0.02276399240304695
ck_982ebb24174a4ade,0.009244590888245445
ck_f6b7a10d47dd9a1f,0.011954762656532338
ck_1f56fe99f250cdf4,0.02807856182820065
ck_deb3ac0606d6f6db,0.0034324126539422295
ck_e666629e5a41b39b,0.007057935712875448
ck_756d2c13d02b3e09,0.014107334474042214
ck_7bc752ae7cf5d55f,0.011670705347266568
ck_fc0cc4b25e6a8194,0.012736133424804605
ck_9b2b0e286de78a1b,0.02078410735591662
ck_24b0803447211bf3,0.017601926268069418
ck_82eed68d05a42128,0.02433594085670841
ck_c8a03c516ed5b05c,0.016789308451639267
ck_e914974cee1bccb1,0.013011808284414917
ck_0c533ff2d0f9962a,0.016046142418362695
ck_c12805fa5d970a83,0.05254340628007914
ck_fc2cb29918631f10,0.12594553783036308
ck_c20e89afe575549b,0.009355220964735107
ck_e1ff9e31becc27ae,0.043068536957590775
ck_18116d0ac08f1996,0.9337040616818836
ck_885a83975cea5e64,0.002429930221984313
ck_a0c3059a959ba5d1,0.02940527180113819
ck_75257ca7d7da2861,0.09087625438130267
ck_2210f7a0d13bdbef,0.029733813044753542
ck_9cbd9ecf8374f65f,0.005023479833725866
ck_18f67c00ba21fbde,0.0041482717269157865
ck_2d28f14d3973d8fb,0.0017752441419081973
ck_8b3401b44aaae728,0.0029557505232872473
ck_9d8e9ef37797d3af,0.592783970256763
ck_9f50920c894f64e1,0.006220561316738249
ck_4737e0d56c6fa0a1,0.013419134005873442
ck_52c311f29ca3aca9,0.0020779085088727055
ck_6a4981bc721df37a,0.0238250896793858
ck_823539d936c55fc6,0.0033608230652101014
ck_df5aedb4118020bf,0.9176811780616793
ck_a911a066ff0f7b56,0.03493770712186548
ck_684609767df4a14b,0.05336227776884875
ck_f2350bf355dc919e,0.011428808842520276
ck_8452b6cf97c65a5e,0.014666321708822764
ck_084cd84501012218,0.6985577237610138
ck_ace6b72e5bf3e93b,0.05488194317456088
ck_2afdd69094c955c5,0.13615663859355628
ck_fa7d5be26bf7b31c,0.20748685680489254
ck_4b041217690fca2f,0.03479969677187885
ck_9fb8e3d38cdf276d,0.6426414002994217
ck_c1ee56d65a42f59f,0.03579839897100695
ck_fdeaa1cd085691f0,0.02812710894450129
ck_5de33a7a87e9aa62,0.030550573185636046
ck_7476e7fe1ff45545,0.050145069505171426
ck_b0a947b498e47018,0.013552021023763816
ck_e3894ed88a7977e4,0.0040242124081483685
ck_c7e07ebfb0bc15f6,0.0328130429866352
ck_3a3daa8b376f2a18,0.0025854446828332722
ck_87809324c2675b0a,0.016500353007443205
ck_7eb4f33260f1dcd4,0.023172137096436677
ck_ab9f0e08af030060,0.03261061506516418
ck_5b8fc4a76f340797,0.03452483792206521
ck_0e7bf10ef49aa818,0.06224366207518706
ck_a44462a3853ac67e,0.994260516756986
ck_2d14bcd2e0fc043d,0.002579108833961733
ck_df1f2dba802296be,0.7308651162473594
ck_466a7316eaf149b1,0.0427185193333238
ck_50df50af592b0c06,0.005404101843918101
ck_5f9e34c849704b95,0.004084296133143152
ck_7836bf6def26aa87,0.020938453468772957
ck_ba175b1bd8efaabf,0.00751822128880133
ck_1a0aac7f7b94b1be,0.18711749738357333
ck_6768c4b2aa8ce586,0.007661931178338485
ck_eefcf0ed15897898,0.0245888197930015
ck_7a6cb27e390b6ceb,0.011651655173182104
ck_5275be4e1577c1c7,0.003935766238157338
ck_6bc0e5b8c0b7d2bd,0.024914297955951726
ck_4874bdec79f9106c,0.03168180861524993
ck_a678731156ad7bd2,0.2292496219457972
ck_db906debc36a5d1e,0.050642367501768246
ck_e87897767c612942,0.017494205675699204
ck_45ed5ee496ef8a67,0.007195899643784206
ck_ae20e28f9854f3ee,0.036041189194730976
ck_9ee044b73943a90b,0.008026398792406348
ck_dab34cf6f0626c9b,0.0289348973926049
ck_64a02b7b96149810,0.004985458588653205
ck_c417d06f3e94685d,0.006637392352219086
ck_3e0149cdee4cb294,0.04336868096015432
ck_0e6046fc30f81705,0.01066243389612192
ck_c383aeabd53e9c89,0.03462551138393589
ck_2ef76f1f36e8b869,0.1263558062049185
ck_43948784650bb9ac,0.019967455468903758
ck_bdb966f43ac350ee,0.03094624209323188
ck_5bea0e0ee0b094cd,0.0032244539202999235
ck_dff090f03ca5529e,0.0030646059519152456
ck_a4691b57f837d88e,0.015666767567770894
ck_99ee90946395d74d,0.38724261635953533
ck_cc81dbc83a8879fd,0.006470990228625389
ck_f3dc0725621b3a35,0.0018781179929242304
ck_1bb212d1288b9689,0.02532754012584387
ck_9e7278fc7679f002,0.05006085066201266
ck_3ded7a8720d7e311,0.011645777542183653
ck_798157bcdb9453e1,0.006750940383546187
ck_9fba80f56f357fe1,0.008324525171004552
ck_f1e1c8491f16f912,0.005118004815790844
ck_7b1319a5ca2f63c6,0.9880840520821661
ck_124432fd5c92af7e,0.8233803376865401
ck_148cb0c723284dc0,0.00539709459680385
ck_b56c62c950eda009,0.0015018843153565774
ck_a0498755cd8d7188,0.0028122358857147105
ck_5379452a9d74efae,0.0020843152359879785
ck_6c2453229d608183,0.022226071027349952
ck_f9d8b4813a88c1e6,0.005200833498390456
ck_c2c7d1e45a521857,0.05933345770405203
ck_4364a83a11743888,0.003974606508011225
ck_2cdf5fd97ba75e06,0.06581916004817812
ck_71bc01291e0533a0,0.024947008264360367
ck_a725d7aed2a0bdc2,0.005354181417265178
ck_a9b0c4dbd7db6a91,0.0603196686996519
ck_a4258806a533efa9,0.02169086916469372
ck_905e460591d9a278,0.10662414845597772
ck_20de8abfd8960ee3,0.02433195231855941
ck_252b0a0f1119b220,0.002410661316201012
ck_95e4bef65c36af1a,0.0011847964453989349
ck_5ab68b434ad53fea,0.0021466805541024646
ck_13677a1957078827,0.0026881830225302613
ck_d251e9fa09e542dd,0.993372260364061
ck_700cb620f300dd47,0.01771892896373639
ck_39a68c55a1bd3ace,0.22314463929065795
ck_61a59a7944d6c53e,0.14653206295769056
ck_db6d1c6d31da967a,0.0059258470857306384
ck_650020c500b1b50d,0.008179870218646149
ck_d812eb6930192793,0.0013681812251363093
ck_92f6ebc11ebca89b,0.04677471742239815
ck_d87e26eb5bc84b01,0.002024150713347646
ck_66439e697695224c,0.004160232865209347
ck_f21efd504faa654c,0.011704172216274681
ck_15eed0f5652f0352,0.008710106744745011
ck_bcdbf57d98dc0d27,0.013139189407679698
ck_873ceb8004d3a9f7,0.0466256896437647
ck_70bef9ddd4bab005,0.004587393639279122
ck_7560f1891d66f294,0.0028099052917308948
ck_f439f16f8693883f,0.01804431559426144
ck_14f9535e53f9c7a6,0.01913234938685262
ck_5984be472d2bc267,0.20896841165696936
ck_ed01be7504dc4187,0.058549948569306315
ck_dc3d8b5c17b67ae9,0.004333192536969783
ck_9dc23031b6b494af,0.03508004606087996
ck_fbdac0221bc03f66,0.009480368129214484
ck_863708a99b92ef0d,0.04633680423426504
ck_22b52654776a1ea8,0.8477330785340838
ck_a0714f98001efa0c,0.013204052419489062
ck_9c56114f84e9a541,0.009635373704091078
ck_e155cf506b2fb699,0.008222585788453803
ck_65ed7e72f24731e7,0.0038239235934855575
ck_822d6e8e43befc72,0.4625765954637493
ck_b1182471d9ac6b26,0.0017459081699219717
ck_821446adc95e6da5,0.012817229476353137
ck_ff182f033134dbb8,0.09055010758589276
ck_9c5feef7647b0588,0.009701169870466602
ck_df935d8bdd44883e,0.018620691644447594
ck_01eb24c18ad11fca,0.019586780472625614
ck_00d6730134a1eb51,0.027747361186914683
ck_79ba8e85678d0224,0.02954730037623961
ck_97e3b04a1350f6e4,0.04112864826396877
ck_74e9747954a46eaa,0.01122903529598225
ck_397d5fcc9972f909,0.044748449185284485
ck_9ede89e8a43c3f53,0.05590381797297648
ck_303b33910d67f306,0.0033365040570623333
ck_3c17841636f6f7dc,0.01133960194755626
ck_78730527f8ba1438,0.29171972653919526
ck_5ee32bc6bb5d1d4c,0.11126712963645696
ck_a13fee8cd925d0dc,0.04124559346371523
ck_6f847263379f2e43,0.07046522045337691
ck_9b9d9e579e7b55b2,0.04989781144975498
ck_87c1d0a79e79c84b,0.027015222283410474
ck_bfc453eabb472f91,0.011330351569779042
ck_978c21bb5fe3171e,0.08452535309759045
ck_dd882323474431d4,0.10427568727988681
ck_533c4f7400d5ab22,0.23498184415126028
ck_5f217bfe28954e75,0.9945090140050623
ck_ae96d35465b3b4bd,0.006110242151271069
ck_512ebe97c0af94dd,0.04288200544434969
ck_f558fe02bb0219b8,0.018653318636125543
ck_84092e23d5ef4d51,0.05471396682405131
ck_17d3022ca12eacd7,0.014130014798881992
ck_8a8f81bf3558fd9c,0.007713628882816057
ck_0ada6fed1864e7c4,0.029363727708125852
ck_21fe7bc59dcd78fb,0.006332858699250665
ck_e136e20c1c74fe38,0.007039514372755293
ck_e7a530e09d113dd7,0.03763637495518206
ck_7cb0c9ded4d63027,0.08663017855450096
ck_102db9615e722c9e,0.03171303747439299
ck_129e39ddfde92eeb,0.0015525497068719317
ck_d730ff21bfd7769d,0.007265100782272781
ck_54459b45d2be8459,0.0028271542732542453
ck_7f1c20319eb60aa6,0.9945971514519856
ck_939fede90473e412,0.005212812897710149
ck_e0f9506a6d5f4a1a,0.004231576806266167
ck_9a4967cdf49265cd,0.1718624768814363
ck_b9eaf03453ac7d5f,0.010313096437314316
ck_522477be6376b450,0.009747345247948727
ck_9b6282e3bad50710,0.15620015696686657
ck_a0e3a2facd508e49,0.04329915913132491
ck_97ffae702f7c3d08,0.0021178808355077046
ck_344a95cb7115ec67,0.007971723178277731
ck_1f2760764afa45e8,0.001196709783121479
ck_720cd658d11ea428,0.01604703666690788
ck_04e32ee9834c088d,0.2521163036507831
ck_2bb1389e5e72c8f4,0.05024318125080118
ck_961e7dbc217cfbbc,0.004768632698770571
ck_f3bce4eccfa6d6bb,0.0066219720151283615
ck_e0ccfa0d689339be,0.006496462139329313
ck_98217aeafa0bfefd,0.034431984376011984
ck_a02aeec1914c158a,0.018859361667411763
ck_20a17e8f206a14c8,0.09894316986683388
ck_114c32aad4b6183f,0.06631816930240626
ck_79f5198f0decef20,0.00838690177013301
ck_2209de229b4c71c5,0.0134284489623018
ck_6ee939b7f396975f,0.014634978201761675
ck_202f0c14b07ace01,0.05247251579312432
ck_fa24db9d416ab904,0.006319524519064148
ck_cf6aa24b92c4d33c,0.23572481464130235
ck_45f57fb8194cefc8,0.02687075324928311
ck_d5eb179dc45394c6,0.02646297712101538
ck_efb24be983342f75,0.06402609263552739
ck_245f5d62ead5ef28,0.016997554713334483
ck_15fe2a47fa7e92ea,0.004794225971358272
ck_b6527a85fd682554,0.028665010612316095
ck_11f9390a11ce9ff5,0.035462342417014896
ck_ffb4d892c5158201,0.0019112134841686671
ck_d4c1da5a1427fd6a,0.07661553630718732
ck_2c041b1efb1c5063,0.012130334451229439
ck_ecc18f40b33be769,0.13993401643548742
ck_0525349f3945375b,0.038388046432592075
ck_0bfe62e0c7eab9c9,0.0098074376214548
ck_b7c37d410b1646c2,0.02226277232683567
ck_4b15b0746318cf42,0.13971057656370078
ck_e5ee006ecd8ff661,0.029996718576015474
ck_ccc83cf66365357b,0.0268397948786722
ck_34a33ffe8339f66d,0.8903410234737639
ck_4e39e3b165edab58,0.6946499121283238
ck_1a71f8081ae00190,0.923976864574469
ck_ed8f1200fc049c40,0.9737469699558153
ck_8a5a57858e8c77f3,0.055874072215877854
ck_fff9fdc2adf5100b,0.9498153627960049
ck_c76f1bf40f3b787b,0.0034746714297176173
ck_1a6ddfeef82b1b1a,0.006466120928282773
ck_478d2667aa9896d9,0.006188449127523769
ck_641c8e7694b21f3b,0.03088152806759208
ck_293581d879f6663b,0.7802007468138068
ck_1bfa8abdb22be8f0,0.0594930581809126
ck_05ab5b03d0bf9ce4,0.24433463365737595
ck_35694db37f0cde7a,0.0014392893447123288
ck_fe33eb743d714c03,0.023937018172820537
ck_abd10fbcbaf2b038,0.01043870035667853
ck_46d51648c1bf80e5,0.1297777970599691
ck_5c8390017fabfaef,0.015453529959006814
ck_87d55ca333f22072,0.0051826755680012045
ck_c39c6a1453e2b92c,0.0005029248307889958
ck_69ff1b0aa143a168,0.002706001641235605
ck_e57c79eaab35ded7,0.008638948072891202
ck_463ae759e2b6ad1d,0.02468152716334185
ck_0dae4a7eb587f3ba,0.017418354167221716
ck_9b12fb56529ebc4e,0.018509364511516194
ck_1af547077ba2dd03,0.17745381239913133
ck_de13de941bebc7cf,0.002389752984786065
ck_83dde7da2bf647ac,0.0016215914357076942
ck_c80a94d4660041fe,0.030899515715753858
ck_f39cfeb277ef6528,0.0038613126799079034
ck_1cec1ed1512a2d3d,0.0021030643975611042
ck_7955a359b6448799,0.0012793997300630266
ck_8c0955dad13c3ca1,0.004541299003575026
ck_6d4cd2de601a2308,0.015349301452599575
ck_f4536ba8dd2d551d,0.00847269246390267
ck_b379c198d6db2d62,0.01897066511494738
ck_76ea90ebc74bcdc7,0.04425170460559477
ck_734f06bd4aa92781,0.038266894199516704
ck_677e1d0c14cbf569,0.002912727577042179
ck_259271c70f3fbcbe,0.020675642028162453
ck_c0b744eb9e7d4eb7,0.010975579273878357
ck_3d41faeb96802f68,0.0033551772664653264
ck_8f604fa70fc3c8e3,0.011741790872416058
ck_0b3c3bea0e0ed339,0.003637971389831195
ck_be5df076b8a86409,0.002458324570696311
ck_6a475fe324d7d790,0.012835231315352134
ck_3ba3fa5387bacee8,0.0009380186131388388
ck_324b9939d9c1c31e,0.0023665489485335664
ck_a7fcf7b592f68ca1,0.04734801567158102
ck_5b2728f7cca414ae,0.0009398133961038602
ck_5f4a25ffd0b85a47,0.006806855907146305
ck_63d4f5076fe4406e,0.005579025958596623
ck_af528d66c86f0cb8,0.005432260554469797
ck_ac7cdb9b8da7b5dd,0.024835824482228642
ck_3bece63711407e25,0.06799320206255999
ck_d4e0b2a12fcfc35e,0.0033544378573993573
ck_ee3e7c9d3a9c74b4,0.10407193108884644
ck_50d7c4dab837bf66,0.00642524029240689
ck_ebcb93a2990fc914,0.0349124076813737
ck_2329cc9702cdf7a0,0.043203035223979495
ck_db1fa53d588bf99e,0.017810700374914536
ck_44e57a0bad5a0745,0.037164805287207996
ck_472c81a144f4631b,0.01239046649545846
ck_1658429acd5306ba,0.010619136476102685
ck_466103ec5bd9444b,0.0029701268818651478
ck_9757163e25262b74,0.011918453657595668
ck_34ed59bc2c9b0186,0.01769998634694819
ck_b7bd3a7f263f4f29,0.06547372944787026
ck_149662b09d632e41,0.02568918316835881
ck_a9ffd6b3957bd41e,0.008089073885924142
ck_ab80466ef615e85c,0.006498752707619
ck_f2c824d3473db24c,0.006041354622331232
ck_a4a01fd45936b078,0.05881356743753485
ck_8f6ce158c2902877,0.002065035907604046
ck_5189a302cfa7cefd,0.000689241192719519
ck_430a3d03be588201,0.015426293971608301
ck_b5f9dd00914b4db4,0.009020798316471674
ck_52dec82e9cf6135a,0.028924999554695248
ck_95e444a01e2ab4a5,0.033460902666237496
ck_e37cee7b123692af,0.02141665674441799
ck_d68d42858a55adff,0.07004994557249
ck_3abfc010091d679d,0.022941152828538442
ck_cee4e4e1b62bf82f,0.0372669795971298
ck_9ccb17c35e636c5e,0.01189132475138402
ck_f72a5a3b0d6c1177,0.0017592976739078067
ck_7508aa554fae6afb,0.2829817384137109
ck_003aa842b7ca1d77,0.4848468468281812
ck_83b2b192f41ee2bc,0.05357721957356463
ck_64796b6b2c3c7f06,0.0296019940444131
ck_6438ae81d43cb196,0.01620737612322402
ck_2bd73d9098504760,0.1439150113228072
ck_aa8b9b36a099e4c8,0.04963308695362505
ck_e5ece47d0dd10526,0.024960353176588686
ck_16077ac345472e6a,0.01910012635251432
ck_a4d6e152b0076964,0.007556403694828183
ck_d90b1d03ae151f62,0.027319478286342416
ck_18b36d342b530af4,0.02839431001613081
ck_2a01e610348b84f8,0.030858636545565903
ck_0a93ed76bf36c8b6,0.008928943935182832
ck_3d56b477fe2370b6,0.01220648444373702
ck_17ab3068fa303682,0.003327491997421489
ck_592a3520d841d11b,0.0221847617088773
ck_84d07028b5fca2f6,0.03059843146609189
ck_f4a2bb10afa85743,0.0025222308226366856
ck_4fe4b072f03f2c1e,0.00338251653808975
ck_9ad08fcc183ea1e7,0.00375911521583102
ck_130d3848b9dcdb05,0.008237558193208505
ck_bb399ed6bf28c230,0.03876979072253497
ck_a31a64a39a2c4941,0.007059538533945126
ck_c49f25dfb39909cf,0.20342339236950982
ck_55f50a9ae2db8ff7,0.0037665160287193066
ck_09faa4e771cf876b,0.007230870529569595
ck_df520a7a6e405889,0.01356497041231658
ck_8c8c98cc694ac900,0.015170099535580562
ck_7f0c4f609673ef62,0.008691875011810861
ck_f51fe59cd445d2cb,0.01207068548181067
ck_b3fb83f0d772a831,0.02709728212640224
ck_d6e7e257751c299b,0.00255992149112436
ck_0d362ddb4a1cb6d4,0.025743989457153345
ck_a574a08edaf81781,0.008172815393624877
ck_a823f5bcb0e4b9df,0.001683509768577557
ck_f792586ad0381eac,0.02003996309760785
ck_54bfd70022c66983,0.011674546110735599
ck_fe0a9372c9372de9,0.005232071670541482
ck_5691cd6fdb6d8147,0.012411804435347335
ck_a95f212a02433d23,0.001374055692597789
ck_f5adad75e1c06731,0.07781430052814041
ck_e09c97520eb0533c,0.021337084520389064
ck_a1e13c0d58560340,0.0017109396701094149
ck_cacc2ca410cbe80b,0.01701504018240376
ck_c0dde2a6ef1e08c5,0.0012172518178533644
ck_a04403073c90ce38,0.0010068191584886596
ck_03d3026107175dae,0.022316963527674125
ck_50176dae5b1b716d,0.003902744623531534
ck_6c084bfcb38e96c3,0.06002047538336171
ck_36d2be9012f7909e,0.0219043908097961
ck_958acf84c6137a22,0.027817669919587566
ck_114722e12db90a73,0.0027185260394239083
ck_203c2a22c0c165ac,0.028912412932385306
ck_2c44ca550e5cfa82,0.027569612328718716
ck_df0a8f20ab8f14f4,0.023904442788442577
ck_826a27ff7555192e,0.009932595530002015
ck_09a988ebcf062297,0.05072626503199809
ck_5c82444b3b9160ae,0.024801772740454364
ck_f6a4a7ed27fe76fc,0.05817013216492456
ck_17de46314b5c6a92,0.01061271827909141
ck_335e63101b1e6c4c,0.07332127323991729
ck_c5eefc0697451de9,0.05250188542382834
ck_49a0efb5d4067b6f,0.2771602402896909
ck_c1f4509c8f5dac5c,0.007908087085258197
ck_57658eda1c59bc52,0.0015761316198884493
ck_0d5c0736ec76385a,0.0026304045381105295
ck_e0239e6ae30795a7,0.026776948488963108
ck_e4459115cd8e5e4f,0.014846451838136397
ck_bb4aec09d4968dda,0.07725291540588308
ck_a1b4c96faed3e0db,0.027705514018397947
ck_8247b79ac67aae7d,0.030439001761246108
ck_fe2fc7d6e5d83f09,0.019849494428760498
ck_f6aea576cde8d592,0.0016264790030210239
ck_b7e7f7d0cd886412,0.061354641417354965
ck_ca7b993e8286af7f,0.003171056283361074
ck_47de038381a9cd65,0.029398261360961596
ck_d38f941d09eec820,0.04448566252287551
ck_d9ba2a6c0d926b4d,0.001895112271170401
ck_cda72f597330d0f3,0.004937100954774202
ck_16d2d27fadeeacf7,0.0055771465044384735
ck_be05447853d423a9,0.0025831801276504683
ck_cd92852d7376a4a8,0.005059045829401924
ck_2faf7ecccc9fec58,0.001306096258198175
ck_db8733fd92f20cd7,0.009678354455204891
ck_a9989a3a94c26634,0.01747835628432851
ck_957fb25437c75e41,0.0811237845155166
ck_e6a6caf6e7de17c2,0.016689306043477924
ck_f7bc569b37e8bdda,0.015862159281911595
ck_703b375dd86a6124,0.021130579542567373
ck_d3cfb3603f2c6ca3,0.041051582250457616
ck_07cb2b6f2a4303e1,0.04096134162193084
ck_31631e2028d4f855,0.019284791297046446
ck_1631bab0ba1256db,0.027082825268304488
ck_5fdafeaec036f016,0.014521571384755056
ck_6eda4c36aecad602,0.0037359870906192795
ck_bd1bf9e3e29de281,0.1219271218668762
ck_bf378ea558a4125f,0.6716421120999468
ck_7aa2deeda0e57412,0.9862146393332513
ck_d229cf7f5a3f38ca,0.016396708334671016
ck_9e109edd124492a5,0.00386571079143649
ck_779491819995625d,0.09567957908670259
ck_b89c6fa2ad0a12f5,0.036747830640244214
ck_1d01b4a609918c4e,0.8694265245755955
ck_714c5d7cb17bc9f2,0.006990648231406298
ck_269f1746f2609ed4,0.003198177054789664
ck_4be03a2aa62b93c7,0.003108524286342916
ck_cf920313f6dd28fa,0.01924069866744325
ck_fb00aae4e17740c5,0.007071873836803963
ck_085d8c42739e2b10,0.9950742526767654
ck_c72a7d0d03cf3e17,0.22055978452383582
ck_8f6ca5d3b17eac6e,0.0028968165414285404
ck_d9573100bbff4014,0.19218544806279345
ck_79d6793d1d0cf43c,0.0012141944047493079
ck_91fa5032f7aff0f1,0.0571495535711309
ck_87110d84872c0fed,0.020921049358726303
ck_8220da627e9992a5,0.005423313738071261
ck_2ae44938847f3852,0.011637219976022333
ck_b0f191e44f9b6f35,0.059908572916387404
ck_3049d744b527f4d0,0.015207443113942848
ck_47d3e8d1dd3fbcef,0.01666173783016716
ck_ddf787359d2b5deb,0.0032464407529891257
ck_b27a9e39726b26d9,0.007138012234029245
ck_80c4e9274cf976b6,0.9742230032808384
ck_c6afa913168ce8fa,0.00658754941559792
ck_52427b3f8478db19,0.014160335682444668
ck_3b810f15ca0eaa55,0.013667231980228515
ck_0c9e420f97baaa06,0.8815535627870051
ck_f8540cf3a8b2f8c9,0.03751001738128837
ck_1402d24dd623df72,0.007027107343871816
ck_eb4f4267e24d042c,0.006858341895463058
ck_6f661b428d6fb8e4,0.006071500039254708
ck_519a26ecf3d29c90,0.004614067353324685
ck_e886ba71d4a6fd73,0.01451043788748435
ck_437f9ecd2016a1a8,0.003934019697219846
ck_f01af1b0c977cc06,0.008970852278254464
ck_614f777c2eb5d537,0.00567144061128859
ck_b804e784cde9af8b,0.006561336974086747
ck_c2dccbc1b24b137b,0.19219266151463127
ck_1df4a1781a0f6999,0.027647714190945766
ck_bd2cdd53fca26171,0.009807701582263061
ck_424c254249a109f0,0.012940484435736973
ck_cf2ca4f286e289ba,0.02983825654275682
ck_6c33cb15b0d8af54,0.007828372768175914
ck_311d395fa9b8550a,0.005933527307572576
ck_9f792e7e721ff7f1,0.004969888557996649
ck_4c37586080edb7fd,0.002271151279088267
ck_7c4f42c5397113b0,0.008405110723310731
ck_fc418f53ce4aa579,0.9707158851896261
ck_1ba28fb7ef726ce2,0.021022248905743897
ck_d932f98bf6b83956,0.07593866701137919
ck_248b3659a9239240,0.025796501748560432
ck_6a92cf5f4cf5de38,0.023924958420644488
ck_65519d0fb137e0c5,0.005474283361858265
ck_ddc3fc99eaba2064,0.022649511225574126
ck_7310cda3bc65a73f,0.0039151804556666675
ck_c01c85bd631d4054,0.004762036757256286
ck_b4954d16b9749829,0.035069714023960294
ck_f301f6758e170d66,0.021967705458427838
ck_9bf95f8c47e7c7b4,0.018980725187425437
ck_c91b7fccf6aeb4a5,0.04938468961158432
ck_785fa45e86bc5e95,0.030371095596758622
ck_2a65f1cc23f1180e,0.001536264874536392
ck_a49a2c1f881a3560,0.002389560952274533
ck_def344d68f06d749,0.016958370069086442
ck_abbd1465fc730d78,0.004524226113041727
ck_07a5610ed28162fb,0.028838126639683125
ck_7ecdee2d7127be8b,0.014149190350342842
ck_67858bc00e81490d,0.0017180278473008395
ck_b4ad165ace910222,0.009733164868890948
ck_30753ffe481a1b8c,0.5267530456328963
ck_c401a26725b17177,0.0013680767771956095
ck_819988d8a7f26415,0.009427199137773408
ck_3364a1d9261b3638,0.009391422639124725
ck_c484c5bda389bf20,0.0004539162557991517
ck_ae416325fef92c9d,0.968621021739088
ck_5517b9a865960542,0.006286153935003501
ck_a0e96fed380440b2,0.011563974013575375
ck_e83409471d2b0b44,0.01732025423840322
ck_127273af97d7827d,0.008182271396787982
ck_aaa9861c91bd14dd,0.021350188099119326
ck_a378c58294001a36,0.8965369218506868
ck_abb9d65ff1f95b64,0.03009621619395414
ck_a5ecbefa849ae569,0.01791372709496549
ck_aa9953c0ca2bed7b,0.002588918277636591
ck_40bc6de252865f32,0.006990216526227449
ck_9fb11688dcfe1513,0.02213757123250047
ck_ba68841ca2ba073d,0.035509891367333755
ck_1d3e561a7d20be0a,0.9360319038773288
ck_99a92d710a29c1d0,0.03236100177433711
ck_ede2e887697ffac0,0.0015369914954865092
ck_e6de67c0d82a7b83,0.007874626233629596
ck_6b38763bf5ddbcef,0.02401750610508222
ck_8dd44eead7d765a5,0.019388925262886866
ck_30bf5b0056eea9e9,0.18494322650474807
ck_2981d16f8a51a8ed,0.045235499191402274
ck_fc60f42c68c7024f,0.07512088082547758
ck_8e2b2251ee224aa4,0.02046329017481165
ck_1906f0dfaf6e9bad,0.5272719650256834
ck_dcbe6814fc4ca0b4,0.0729131831483523
ck_f7e958a286ae3b57,0.0038398787738591856
ck_713649668a7ca824,0.01534157119064043
ck_6f73cdbf9305e2ea,0.0074066286926322625
ck_dd1c490050cd9051,0.04188758814638158
ck_e30db36e376606f7,0.2243164592221942
ck_740d8fe8028b5a2e,0.007952733283193254
ck_ebbc9418cd41f692,0.002829382092555837
ck_7b3cc6cc3f250f39,0.02062630636415741
ck_1d30eef7110809e5,0.2686291932895366
ck_77e0589ab339ca66,0.008991971170530712
ck_15ccbf8ff7d14086,0.036949065489792904
ck_246989b0c288664f,0.01637332211770942
ck_fc2a6e27b10b10e9,0.0024479257221357337
ck_8afc1112c12f5402,0.00871402858947343
ck_a76e8d83b9141364,0.04613331346681489
ck_51d3e8dd7465c015,0.00495204577436324
ck_e7b4016909405981,0.0005907581313321497
ck_e7a3cfb9bf908e80,0.017106466888407015
ck_2bb49dc2388cdc1e,0.0016652588519726415
ck_94f4266ee7871345,0.0028749301606652293
ck_b2c896beec146477,0.008564936236728668
ck_fcf5d4a4748cdd53,0.003659376072229337
ck_fd0483639811f62e,0.2615134158855164
ck_9a21d183524734aa,0.06002826948101412
ck_1df4b46c0a4c317d,0.029707378712468355
ck_638df9e8a22dfe0b,0.05449414717790528
ck_65acc43a6dc3e65d,0.007549735135540592
ck_7c67b73196e3d0d9,0.02676598375142668
ck_b0ee3a98175b462d,0.0042095969051135825
ck_20fad010969f1abf,0.002506193530991043
ck_54b087bd873af8b8,0.006109578441711248
ck_8007824431fa803b,0.011726328886718854
ck_23aab322810b9fec,0.012379960139495477
ck_c8001bdb9aafc8a6,0.009989112058665074
ck_3a34c3ac83cf84b3,0.012921576043679224
ck_60187ac2c473a662,0.979078996086533
ck_6a0ccd7357979f0f,0.09366884924775767
ck_27f20337bef5ffe0,0.031203918992558324
ck_f9fc468915afe49c,0.10384943148676651
ck_1eabc15a94bd9009,0.020392357081098524
ck_26896c494b2768ef,0.016975642808150157
ck_348c874eaf0354f4,0.060096529105352105
ck_be9c46acd216b45d,0.04865599198157465
ck_a3cce46d15cc20a2,0.07292072588420911
ck_70804f60d9704128,0.10764492017188937
ck_a019151ca8e7527a,0.026772899362238575
ck_571133b2aa8ead51,0.024693458499010237
ck_0afa4449f20d5196,0.005851959272811168
ck_4d503c41cf4e5034,0.02773164232896208
ck_d6fb9cc5171e3e9b,0.8082312419664596
ck_05ed92a7c3e10e5d,0.024353926583682656
ck_bfb067986660afe3,0.055239284454484276
ck_c1a31690c8573226,0.0068586036377278874
ck_cb88ef3dc1f42225,0.002245852431236121
ck_21e3b3bd998745e5,0.07882803305868906
ck_cf52e46fa54e4540,0.002202210950953156
ck_b72c7ac4208052ab,0.019493119588259056
ck_e6465c56b337e6c2,0.012939931647056108
ck_5f87eb05d18186c0,0.007364122750816282
ck_263f6c5ff26b5e98,0.011226265361012485
ck_e0b7e2c0bbe228d9,0.0057309800402105555
ck_b657ae3c146cb7bd,0.0033541588630663075
ck_abac514d8167ea58,0.012104398239668733
ck_024dcab126876002,0.038272148430139215
ck_5d8481e2b38bd99d,0.014704781586982768
ck_edf229c17d25dac1,0.1623710785528939
ck_6cb7c97b72d6b5d3,0.02177080958136828
ck_c96ae2c28086a059,0.0290384041956731
ck_2f241b97c0f8389e,0.031135170956622157
ck_9158bdbb63ee8987,0.010246554703584605
ck_e7b40b60786c1530,0.013723200175208597
ck_66d38518f68e6194,0.004136917711062626
ck_8c9b57ad2a991416,0.005958254046235221
ck_cc91bd7152d3e9ba,0.008460103574401247
ck_0d846660c7957a88,0.019608262935161748
ck_60896cdac2212bea,0.08104910086499957
ck_dc4db8b932df49de,0.05125708270654331
ck_2dc31db181150e20,0.003301710853113797
ck_2f138fce1171e277,0.03239891612350768
ck_68b8b859a6ef505b,0.03395108278600232
ck_c3fe0c6c5e1f40f6,0.0051607867317002174
ck_15886fe84866de92,0.0065509657102320856
ck_ea269b35406473e8,0.0031010364503503557
ck_3ce7cad1f69b71d6,0.01663089683866503
ck_054ed4288ee58d6e,0.09051986797435757
ck_3d4913a86f207fee,0.028668770407984198
ck_23ff85f9d2355e8d,0.011164441957881332
ck_d87ab3261322216a,0.0017893146430296306
ck_fac046ce336fe39d,0.005430446805988097
ck_beb97e498e6cf8e8,0.04924543432458079
ck_1f517e0ebf397b51,0.006191849851452807
ck_0af57ebaa45877a1,0.010873634569550948
ck_f99bc1732ce5e999,0.011752202912442123
ck_abb056a9deab275a,0.023130176156489105
ck_0bfc394c5faa65cb,0.03313573846990786
ck_ddc865af1dd5670e,0.019758317915588842
ck_68b5542459638b56,0.023078559895907323
ck_0b1d84252c0b46c2,0.011360188069797333
ck_520ec32c4f253604,0.03276272079811321
ck_79ffcfee599d77c7,0.016011995953337948
ck_eb224c0fd146253f,0.03542281829729786
ck_0e477084434da450,0.018122457651132604
ck_07840bba5570785b,0.029546062332927378
ck_6b67fe8e310ab865,0.010227116832778816
ck_e2a1068c2fa22525,0.026078485366229847
ck_b9c6b32f6bd92a3c,0.0023775168747799677
ck_c1e7d1021ae58f00,0.0013319665849229915
ck_5d7801201749ffde,0.02567661909857817
ck_c8806749e263f70b,0.0013070507487561271
ck_c9eeab826781dc91,0.021943501152274072
ck_309a432c160a17b3,0.0208141134551593
ck_b22e3337b8e3dbb2,0.00406219327143555
ck_79c30169c71b8033,0.8342790627061771
ck_5a6593d954085775,0.0038202840356660636
ck_70b9b79ea1aacba8,0.020353700981828645
ck_63743141ffa11f45,0.01472705512320964
ck_dfd3dbd0d97a642b,0.006172368792278219
ck_635646a661f05b4a,0.009617256471687896
ck_4b123d6931b6d0d7,0.5631435323473701
ck_f2b0e7a47f442557,0.6322816176415953
ck_1b1df006b81d38ba,0.015198121958385102
ck_360237c1bd30f4bd,0.013516429053351198
ck_5e84bca0e362da20,0.05307266395436688
ck_142dba210ed2f3b5,0.038450388529107475
ck_a3564236069e3524,0.0748830866347005
ck_cf36d8b070ded782,0.014463640719008205
ck_ddd6625c5eddad70,0.0012549406289164198
ck_ad54292a0b2f44ef,0.008951850268013121
ck_45cd5ef6b359e9b4,0.00409114727838257
ck_982c2392238b7be3,0.2975956048260684
ck_083e4ac78685c3bb,0.0202933256338566
ck_729cc0b46cc2e546,0.1347400385289321
ck_f2b8995fe5402759,0.004876775122747699
ck_73e24f5a8da289b3,0.059413399742837165
ck_bd85f30c36f5998d,0.02557279807741705
ck_ee4ff3aeadf912c1,0.0036660474887088043
ck_63d2978706e193d2,0.010985537357174165
ck_6a0684436a1e66c3,0.8535094687610577
ck_182dc4a2f5a366da,0.0015255845142468146
ck_e6fecb82fc2a82de,0.006525842901518417
ck_cfb06f07394dfe64,0.0022292940223634793
ck_7bbe1dc8add17ef0,0.02162160073242493
ck_5cacad76e02c8e3d,0.42031451408356807
ck_ca68dec0c7df5a12,0.007285623376945463
ck_e4c0fc52c82065d3,0.010135394298051936
ck_f9197b070416f443,0.003932195548785157
ck_2a07c7021b71cf65,0.047270917618421025
ck_4fa85cebf707de2c,0.001332191674742582
ck_0063d2a9507467e5,0.007081753063672121
ck_ec986285fff05b7d,0.007297815727767199
ck_279d43303708109b,0.014176986673547925
ck_a406bf11e48cf8c5,0.07452174871206008
ck_064b2aa3f0bfdb6e,0.015544974101159896
ck_95790440bc4bd2d0,0.021701895812046842
ck_70066eea13b4c34f,0.0054957440681875636
ck_19468fe07e26f992,0.9792682390511936
ck_86bfe328e0a533b9,0.6957649518088966
ck_ace3b96c977a7560,0.14218430713579822
ck_642344e5c652d8df,0.0454010307864477
ck_074be35c951ae10a,0.017988456101263307
ck_f14dce41036486a3,0.9829766909308001
ck_5cf67a3a747e684d,0.5575764409202087
ck_f7285b92648c1c81,0.004462026585638476
ck_bef3193f124fca5c,0.3590605327767423
ck_05c4dcbb45de1f8d,0.0055774588106444175
ck_d7c28eaa05bb7144,0.010753748886840398
ck_320df984791a1b99,0.002174025194395197
ck_f45bad1606fa00a7,0.007279459935002546
ck_6f81c199e986d9fc,0.006702979301423215
ck_d0c9633fed57c344,0.018011933831150254
ck_a3c25d6cc7478068,0.016373652469145142
ck_4185506d12cf9fa0,0.0015308930706880515
ck_7a02ee1bfba7353b,0.008564278954070382
ck_1b52590757c0fbeb,0.01912789561253919
ck_a0e5656e1cf9cbf5,0.0038047285621132408
ck_ace21f6daef94f6e,0.006676166842745445
ck_646d8d0834782d6a,0.21236370657906517
ck_1f136a4476b5e775,0.010895820878097639
ck_325c7643cce02da3,0.03180647061154495
ck_9b5e7fe28208f5d1,0.004074417568031891
ck_05d81b1a150f31c5,0.0029013342941473924
ck_0e9ec486bff403c5,0.011120252865633277
ck_ee13c091bc379188,0.017209237085546062
ck_f7a7f8f5903617c5,0.02280312937567029
ck_96c3a3517153390e,0.02418198051451375
ck_538dad7f096458ad,0.003091450771149864
ck_8758fc6622bbb7df,0.019301872199309185
ck_f7e53af3c91fec64,0.09865709337656563
ck_80b50fad7f255e1d,0.02243902050318454
ck_9645e7adc08631b5,0.03579772942216631
ck_e007aedbf37d6ec7,0.00961754700933971
ck_2951d76c41de2569,0.05055495280717648
ck_9439bff87e616d4a,0.007672042117397736
ck_a73045e96af0e4fe,0.02885054326181872
ck_7b382e533e2e925a,0.02835323402155991
ck_730226c2d216cacc,0.0069584539236796925
ck_bdf837d761a7cec2,0.24320221224013444
ck_0b34197335ba3341,0.005171416788042457
ck_49170c4b31a20f5c,0.0015090468908285557
ck_cd553ba6589d8bfd,0.02533789502222987
ck_56b992c6f136fa5e,0.028349236822640848
ck_8beae3d7328fa41a,0.03401668495514516
ck_1a065ea906ae3d6a,0.0017128144287685543
ck_e9e3381d5e0e5051,0.010171573459566778
ck_a6d4f998dadc90c2,0.6965205913101479
ck_d36733da917115a6,0.019840059874427385
ck_e738e920bbd74a7d,0.014533578923753341
ck_af65eb885a51048d,0.00374180004283419
ck_73f4eb09af29b1c0,0.02974808323634536
ck_8fc641b1750a2542,0.04519282210561524
ck_41b954c7a948c060,0.00410933104995797
ck_25fc3010e8a0f6d7,0.011158166983837136
ck_a2624e0387974e0e,0.10161435635242276
ck_5cb9d7b2329d5ab6,0.08917441529419794
ck_6c83aa1d100a7cd8,0.07291008264237346
ck_67025c64588abd1e,0.003834623870372958
ck_f5dde68f6f0468e1,0.003764686731616377
ck_46bfb2cfc29a6d2e,0.007436795052071576
ck_49dddb894d33f6db,0.041848168432819806
ck_f738b633b8862d18,0.0030588152549375996
ck_3d6c3c00d854f5a4,0.08577277328234385
ck_cdb8061d8d1a6c5f,0.0033077436448457846
ck_5e1b81848718bdc3,0.033636886237424016
ck_8def763034187436,0.04335061749281874
ck_8f8e4fb9c6190272,0.004496443709671013
ck_368b968b5f33431e,0.004385237809548662
ck_ba7e347251ea399b,0.01673488695642273
ck_9075432001a64e75,0.007387911215487074
ck_73c5371635aca173,0.8177570312014849
ck_81793387b38047cc,0.002782799690928046
ck_0cf220816e320ac5,0.003970785192547679
ck_820219bb9c761b52,0.38221614565297984
ck_70a932ab39d86a24,0.002217353757315116
ck_2c4be237a7ed79c7,0.0020414978483803727
ck_acc764b49ef02826,0.2468051778242083
ck_74c3c3452e4e7cce,0.003409616798807409
ck_34dfb57e5bf31d2f,0.021431540819566896
ck_6ec39903f765956d,0.05480966338736943
ck_5986119e7d81e831,0.02990732935812483
ck_2ddfc948b8eac752,0.33828363793208094
ck_921ff5ceaf40a968,0.03713759108529829
ck_fb3b68b4424b5f92,0.07667402827219218
ck_c3db1b3ad4f16679,0.01447129686179121
ck_124a197be41687f5,0.018958442133626217
ck_c58d9151834f5bad,0.031078066821278682
ck_389607982eb6b701,0.5159603220286862
ck_fb0c138c003e933a,0.0018283534895323637
ck_50d0bb7edd8c69c0,0.07222498805311203
ck_c6cb651149dc9a8a,0.00270621593514274
ck_81e21354e477eceb,0.03767849037596329
ck_7696e38b3e4197b0,0.018306913798376307
ck_586001d3ed9e7fbc,0.0022239815512263114
ck_bba413492dc46f2a,0.02725515063588813
ck_95b894380ad2702a,0.042000742416191894
ck_277621473369614f,0.9941059375902506
ck_a50621b5eeca84b4,0.0038169107014034797
ck_bfa7ba218b988cde,0.1169284919258645
ck_5ea89567dfe78e4b,0.01907355638049764
ck_6c679602a6476ab2,0.004550854128877994
ck_d3885e286b3b11d2,0.012830616818835263
ck_cdcf6671b37c9c92,0.012702289109357355
ck_b5c93e6d34f8d366,0.002056518679146645
ck_c24f61925dc158d5,0.0699863906760612
ck_cd09375e6c81d2c4,0.037965927340509534
ck_a95afc7a00303a26,0.015310819674470538
ck_8e89ca8b39f3f8ad,0.0018223022558492511
ck_9a84b396aada3fa8,0.13514941612895642
ck_5124a2e415384945,0.055747657078735253
ck_d66bb1f063357f99,0.007425975949776708
ck_0fd9312411b0ac55,0.02391821437610254
ck_ad8cbe6e27e47ede,0.03128901596859921
ck_8398adeaf41f9cae,0.02344598063206195
ck_dcf851e7bb5855d0,0.002296085329294453
ck_9affb0f26776b642,0.0060726618793034955
ck_f0424b3b36bdbef0,0.07720302362883269
ck_66746d1090d6d9e9,0.0022091530406984127
ck_e5f8c8a5824db594,0.01564968871305271
ck_3e91dcc209431984,0.04684714729428891
ck_126a82e8d42e5ce6,0.008123943157450573
ck_38e4a74ab256e2eb,0.008311939234804194
ck_1225a97fc413a419,0.07128567697047941
ck_9b5ec0f78e160e65,0.004224181053617662
ck_7c5529bcc079600b,0.052888584513369655
ck_29640fc2fe81c251,0.012197884005870255
ck_160e9ba0a3f7c1fd,0.009696519216128628
ck_bff090cb4ab76b9f,0.007202410499493501
ck_aa06ed358e43db69,0.05814968343432631
ck_7264486eb512d84a,0.005046587322439506
ck_f5a32e6160b28379,0.015539758565817094
ck_4ba8bec14c2217e1,0.06911724590619035
ck_610815786d729d2f,0.0320041900449363
ck_e267999226b6321b,0.0025475870041337333
ck_f3996a3c8eea1ea0,0.010416289812403681
ck_e9b75ed7567a3f23,0.01757427478959332
ck_d21612d48bb4f7b8,0.017352937226385586
ck_1f871df76c6a995b,0.0377480354776818
ck_953bd5de48ccd70f,0.7654658083818531
ck_02a9104419a6dbaf,0.003957101204043091
ck_1eeeee651e05d535,0.030769653221360552
ck_e2ab04136a442a98,0.008636022507793387
ck_f0d806624ef3d359,0.021655180758523723
ck_4b68b38c1b3326a3,0.022409641971375797
ck_74e60495f8861156,0.04998334219553446
ck_398f3f4cf05c721b,0.005663953097134901
ck_f761b7650a0c1a85,0.014949691522102706
ck_7dadef33f5e2d94f,0.8639047276443382
ck_6ff6883633b8c7ba,0.0016919829485897515
ck_4d2159603045109e,0.009929444535716227
ck_a38bd07a5fac5c9a,0.003456892303276538
ck_f517f06551e69507,0.005077738292721916
ck_a7ea00a1760ad561,0.9886353022223318
ck_31fc51d5a3dfe16a,0.04791830000298261
ck_bac5233623b25ca4,0.007782428110355451
ck_385188ab27784fe3,0.04147803117886576
ck_9947a323bab5cacd,0.16025973855186865
ck_7973edc9f22ee7b6,0.03741121019384104
ck_f97c477986043755,0.006375125884783402
ck_1a3fd2cc4b4de196,0.00843870640595816
ck_e18ac29ea62cb435,0.05278555503879584
ck_9720a472a3e0140c,0.0071624145487224995
ck_668c7fc7d7e47c0e,0.06444981890120689
ck_214af0806470ef48,0.016891545699613694
ck_a46c1773f01f0be7,0.15955613979180266
ck_f2bdcfb4203ffdee,0.038991518329238785
ck_40e84e6ffe788a4c,0.03060911261660018
ck_dfc6f5712d8d6678,0.020509808587156713
ck_01ef1036b2e66a4b,0.011257416804395499
ck_3acfec10eec32f9c,0.049963877167839586
ck_084a85145c15ed77,0.013423053697669643
ck_fcdb4fe2f095fba1,0.08952173230348724
ck_023908db0a193076,0.11864218284948752
ck_fec0ff92fd622253,0.021510258726977722
ck_c009c97d5fafbced,0.08862823064610878
ck_eb9f0c06ee017ee5,0.0074992658912087316
ck_d7792b429620fc24,0.003532497248835265
ck_5e9e149a3b69c726,0.0469414217173689
ck_ce927322ef8f651c,0.016615789557317417
ck_b8fd61a8e82bce32,0.9033949314782727
ck_9aafc33fba1474cb,0.00386601745126055
ck_ce81ff9b8b35562f,0.014532275313415262
ck_25bfca1d8eaa152d,0.024162994686102807
ck_170c65860e2a7e23,0.0022813507989115304
ck_952da7ca9f33decb,0.049817408934054244
ck_1ebd574406235957,0.010852050660215343
ck_589109a188adc2c1,0.003617394609359473
ck_f0cbd5383bb07778,0.04572823061254632
ck_242521e261148fba,0.004512646311790732
ck_509cece86a558de4,0.0037707503426199023
ck_0dd7c5925d28755c,0.005724238297308755
ck_a7e669cf1c3985aa,0.01642858816458638
ck_acb84dc2351eeb76,0.0035873543549072447
ck_b837c7dac2a9b931,0.11428061081040222
ck_18eb1f9181f95df4,0.005224331531899618
ck_b0b9047dddb1ec84,0.2618488234231893
ck_43aa136bdb0a2832,0.2605472451581774
ck_3e47f8c56c811700,0.007106422027063425
ck_77c587d24695ea15,0.02577741222072108
ck_20578ac693ea4e93,0.021222359021878235
ck_b9f6040eebd1605f,0.08125106902977125
ck_ca9d86f65cfdf018,0.0076473980736675665
ck_a4fa8833995c716a,0.007927531138671805
ck_f589f1e29301b5fd,0.021324047812636984
ck_961ddb8ff55d868e,0.0020757191528532966
ck_5662492a54e6688b,0.05922083179112909
ck_ad48826c1c26eb78,0.15745665824804272
ck_621c9ddde6bf2eca,0.029890623850843238
ck_417a3500b2c717b3,0.06410667337154129
ck_c7e129058beb3ac1,0.014744533653629814
ck_ec1c902b9b9b9c5f,0.1607634958983136
ck_317360ec0a67d27e,0.028444556636760383
ck_3e3ea5d8c4a229dc,0.047954980511629955
ck_d11d27de7bf0b973,0.32042225753827513
ck_d37d56e931105db0,0.010716715939066795
ck_4863077723cd6ce1,0.0021866538863297078
ck_479a065d5903e9c3,0.002360080657330172
ck_e66ae4fd586fedea,0.01469914584023096
ck_192bbfd0d5720134,0.009795293961422672
ck_3b436cb29af99f3d,0.021076723287051444
ck_7c7ca54969eed187,0.02738466442044328
ck_826ee896c9f1144d,0.0740672261229229
ck_ba1f6dd43fc8a0b1,0.005751881804650449
ck_49685deb63e4e8f8,0.012266392403156905
ck_687ab5d5554bfa79,0.050829142564111425
ck_41346ccd9242cc8f,0.002140973540390913
ck_8f8e5e2b9dfec3d1,0.03427033017788274
ck_94d5ce61a0c50465,0.006941678022769573
ck_6b954c75aad8c012,0.04435662110212138
ck_748af92828c9d288,0.0011432167908867153
ck_dddd14091ce812c2,0.015385420254739135
ck_723323f6870fab59,0.048294337633974914
ck_dbdf8d0708cc6718,0.009674129747990564
ck_f04938570a154de3,0.007479289183586217
ck_58afa1550b3b5294,0.015610618469261085
ck_3b150afde386ecff,0.025098798722450036
ck_666b95e75d99ec4e,0.7338882183715074
ck_e00332597cf1eb24,0.019163126021078575
ck_9a9e3dac79280d7f,0.16983608820035173
ck_e8d37262e859d9a1,0.01117969768288109
ck_895bb39d24bc1c4c,0.0015192577230557548
ck_b367449195e36499,0.023031137141731835
ck_d23f9a50d1135ce1,0.1404228391614423
ck_670dc4910cf476c2,0.0027807336598025933
ck_3ecd8a5ce65e21ca,0.0029752680133591216
ck_8584fea2df4c6317,0.03423412291195924
ck_0789ff4562202b20,0.01551326488237687
ck_749e0e50c3907be8,0.0017892320834335775
ck_c3ff6790cc6d7e34,0.0031552291943476893
ck_75fb7e56432ee4b2,0.0070503308446145845
ck_529fc3170fd11abd,0.13265262153160812
ck_34a69b3b4a681796,0.21415482222895946
ck_255f0e5888ae9e23,0.025669256795921285
ck_65be698386474170,0.004475921555531322
ck_5eec9ed855c26000,0.0010824822438769382
ck_5ab39bdc9610f6f3,0.3212436964212795
ck_1b5b75762f033462,0.040508209902057404
ck_d3e208671cf37f91,0.7069048807858642
ck_5068ee554ceff971,0.04464127858140958
ck_d7d50fb57fcb2d0e,0.0019547905564933194
ck_ba6e1115fceaa067,0.057849946358848506
ck_d07bfb16a4a7dac0,0.7954849784425755
ck_ead68310311690c8,0.9523037875007494
ck_ee53ce862bc9c111,0.025551948756370815
ck_97e56e6037024dff,0.012466340631618526
ck_80b04344c98ec072,0.12945906357049217
ck_5954f45a2ab45f43,0.022812100611405834
ck_18ddf7e836256e3b,0.017839213033009282
ck_89a1a780144d808b,0.017257543183074573
ck_a7331e8b808c39aa,0.20733203897145175
ck_a1fd0ad03ff9b776,0.00947997402517414
ck_c0cf50eef030b401,0.004195705921513061
ck_074f20921189e7d6,0.008939447059503025
ck_e2aa7be60794593d,0.08695755339978309
ck_72771757dfb7f7a8,0.06321165477637958
ck_a9cd84a6dddfe584,0.01802987578868486
ck_142c00f9f8557504,0.0164159427887461
ck_221b5d40358230f4,0.045446513499834744
ck_a2d7a563f520b7ea,0.007707425323027133
ck_66cd34bc568d95e0,0.062011008894750246
ck_a17128972d3e507d,0.016682982859352116
ck_bda299466bb2136e,0.03973250383366272
ck_2b699066665abe8a,0.013013457973619046
ck_0ac9848bd4ba0c14,0.0017307787594969869
ck_98d2f9a6ba3a3077,0.711645980231453
ck_a872df31b28a5f7f,0.08162579038732419
ck_7e73e1d44ce82ed9,0.012395687945486943
ck_1a415416f620d49d,0.03458901040599329
ck_c95c786d2f8b8edc,0.005425139066587475
ck_e45012f22b7f91d5,0.003398317711022225
ck_aa0b083e2a6813eb,0.0442553750445129
ck_4666232ddbf77756,0.0038126888402476478
ck_e08e9c8ec5f23d8b,0.024882315897991936
ck_31d4c0518e5f52c6,0.021816207869195837
ck_c1ab40638f04cb02,0.006602959302084549
ck_4c1fdd1669c7cf51,0.007979154202311545
ck_11662cc7940ffc82,0.03343043044991929
ck_2e679af24adedac8,0.003586857611618052
ck_454b9e21b7f25a4c,0.002558938922659872
ck_355c4f29089731e8,0.8001099075581839
ck_507e40760a24d2d5,0.026015279919956873
ck_0943e0f305078e34,0.988708054611917
ck_abc54ed7111e9ed1,0.0044758813892322585
ck_a60fe02fc04407a9,0.07295127394393576
ck_244b897bb4d57c1f,0.011479283591548541
ck_8c84fcde93a04334,0.13409804351947596
ck_9eea37d2de633b27,0.005867344144143739
ck_b2cb9e6610eca967,0.008034033755562645
ck_09aadb4c41b166f1,0.08577471046697592
ck_8d94fbb4828ef326,0.00396193315616363
ck_089e3a07abbe3b8f,0.0043478064954351565
ck_dfee9de05e3971cf,0.0070833762580566765
ck_6abf8302ce052451,0.07781483846467273
ck_6ffa90143838a4a2,0.0066464551324144
ck_325caeab5c7a9c3a,0.00846997949488729
ck_1964ee9db929a173,0.8488927024619135
ck_942b95988a6245a6,0.05478864663654573
ck_913ecdeeb8e21a9c,0.018015723292928748
ck_ecf9794349eb4b3b,0.02436728552304202
ck_b6cb8d6ae828eed1,0.06537891420043751
ck_2f82ea66c4f53b33,0.11995464193860103
ck_6e676daa4855b58f,0.029681328442983424
ck_2a37fef48b44e9c8,0.04027023144593932
ck_3bd12d468fdc2450,0.016172511453798978
ck_1a28b6a40a6bd3b4,0.07901254015182262
ck_61b79dec96d15713,0.00669437568870694
ck_31d5e3daced93d3c,0.023049964859554836
ck_e6c8611c0cf233d7,0.005141636590315474
ck_f04761b4a937ac3b,0.00959803205220816
ck_38c1c75cf055031b,0.021734209704046135
ck_59a561f3df01441a,0.013481630500953735
ck_04e40f556a5062ef,0.0268361913622811
ck_8409716d174635b6,0.003710063617107704
ck_3019afee83342701,0.04310048972698179
ck_b51a58e7f032c9a8,0.024442861045613183
ck_5043e474f848346d,0.023018508233873154
ck_4388abce33ecd01b,0.6540509367690968
ck_c93def7392f0aff5,0.06783991826452576
ck_72e7b1acc19df820,0.0036612096688842057
ck_f253130dc3ca5b3c,0.00812440255321469
ck_eb264d1b180d4b4c,0.03448059441948026
ck_c2504f5a113433ee,0.0012802856501858602
ck_c16ab1e4dafb4910,0.14514080789608466
ck_4bc42878fa180991,0.04014939417388122
ck_1c771a7c78f6622c,0.03553003167151557
ck_d523f0e50a2747ad,0.007218623065182268
ck_9060f4e7ab7a1b0c,0.03297177231482189
ck_6b55ec4e87a5e22c,0.11065799631384571
ck_55fc62a5f89a7251,0.02625599048161462
ck_bd2545c62f258231,0.0673738519129618
ck_1ccdc69d0bb712b4,0.06286106015205864
ck_710f867a3bd5898c,0.0016625793624772984
ck_f91d48c40337d375,0.008689650316281418
ck_f76d929541ed41dd,0.02254300216461958
ck_e26a6659c237b650,0.009890908100622901
ck_184983177b73dea5,0.010395258960578154
ck_6d0d081bfa8a0022,0.0377159167116143
ck_2f6e64f638da0f97,0.013841342446361605
ck_15b93103ccd38609,0.01610435360656649
ck_094d10439b7b4eac,0.008449106329203867
ck_d2ca47180a926ba2,0.009974432414773053
ck_a69ca7b9d70972bb,0.023705805788461393
ck_68914e67343a7d32,0.0042978123158241175
ck_8176616132458c0f,0.006976835955547119
ck_eee99af3598311b8,0.03496996086656581
ck_94410eedfca91304,0.05063755056689784
ck_cfb11a0a2325bff5,0.006260623971353063
ck_75217ee144b715f8,0.044114304647933346
ck_d56fc799542299b8,0.004517876897565658
ck_4c352dd3e7c81269,0.1597261720202066
ck_e23e50e02cb3904d,0.12432272496608712
ck_b921af37d500e139,0.016474849106382042
ck_82181b935360dcbc,0.9731761412528641
ck_22a7cf3b99c5e5fd,0.018312310079561973
ck_f67ee7910d532216,0.02712886644859697
ck_5f48762a14a0326f,0.001958852390505196
ck_1757fcb0e6e3f88e,0.06868696135221539
ck_2c2f080ba185016e,0.03531403462960622
ck_4c25570eb72711b8,0.0019839302532219153
ck_a3be871ca22ac416,0.04639584109209889
ck_ab70961e7c6695b2,0.013918847379044646
ck_a1cdebfc42a52448,0.016557445215550942
ck_f1b80b821a20186d,0.015120655819210975
ck_ae668e4564cd2aa1,0.011360041724811143
ck_0e2bc3a5afa439d8,0.04343715416906705
ck_3dc378f37d0b74b8,0.0317667202532579
ck_9f9555197480d1cd,0.01787113386769111
ck_bf4e7d48770a4a8b,0.03659549180079381
ck_614ef655f0685060,0.005637222789021843
ck_04d2ea38ee27770f,0.003745386064731313
ck_e03a9d8ac94161d5,0.008252749115197596
ck_d4007b5b26d9d854,0.001815951149709468
ck_2dd147ce6d61749f,0.021167824639596322
ck_ff45764ea7d6619f,0.0352361106239995
ck_dbc487cb0a6c18da,0.8452669250672391
ck_791d5392bbd80447,0.004832813701332341
ck_b4068439c413b150,0.009840238975644148
ck_85df7b7de9700aba,0.003856887858304526
ck_001e42551cd06e40,0.01102823591229523
ck_a6c02ae50932cd9d,0.007987400642211153
ck_9fd0be2c018ff5e4,0.008255226950564385
ck_32a495128395fde5,0.007199668736863661
ck_b6f2a2fd232c141b,0.01867631271956749
ck_28dde633692904b0,0.052631176969360725
ck_a1a93c5f375f6021,0.004676078801915678
ck_e3982142336782df,0.03301733096839576
ck_a9812ff3c111ea94,0.03818681666620626
ck_f04062216f95fa00,0.024016639710199676
ck_7c560467daca735f,0.0011870247325106544
ck_76ee10d6e2dba70f,0.09761217600090194
ck_3521243bdac61178,0.02059376835706038
ck_28588fb03b320520,0.009535653224315972
ck_580dcec33ec232b8,0.009275229415398037
ck_7109923fd7dab20a,0.02731256027110688
ck_7c872c99481c1e9e,0.016231985397633954
ck_46f4e1f5026f4d1b,0.0020250998681243635
ck_00d1ebc31ec4653c,0.01717451649821802
ck_aac70764dde15168,0.009021649229463828
ck_648c03f9aa4e45f1,0.04141221152405276
ck_5478eb69ef912785,0.08206410860078701
ck_79b8523137bb2603,0.04741541716977276
ck_795c49f312640019,0.0008215400368178529
ck_89184bf7b7fe41cd,0.44775819731662314
ck_97d4bd922996fa10,0.00383204361057024
ck_1cef30d08f3a598d,0.0043669840381975016
ck_2f9fd36a4a40a6a8,0.0018818959893625606
ck_40780fc0f8d6f309,0.023641952479621246
ck_9083ca9fec2a7f4c,0.01850741220933881
ck_62081bc35aa59931,0.010830874346822474
ck_2e1b46c5fc56b863,0.13113082553083094
ck_3d139692c51b604a,0.06970662427165746
ck_b5e54e22e3d6960a,0.006777228880462208
ck_c0c4be3f44311b04,0.008132834266084686
ck_82a8bdd2692c2a5e,0.003935624972832737
ck_bdd2da300b530c5a,0.02109546106179947
ck_ee40498cd97183d3,0.010134507640390667
ck_70b9274473bd6dfe,0.007379513981375231
ck_473d6314ea614b29,0.007041578080542106
ck_7443d6dca8cd1352,0.0047272434996996
ck_3b49768b448b071e,0.019952440902858328
ck_b43f04431c267dea,0.006063799513715675
ck_4424a5223ba2fe00,0.05103952111814736
ck_819bf3e8231f4081,0.020067846609771234
ck_91d417507a8c58cb,0.16823433117635941
ck_e88e86b19cada4aa,0.016145722743034035
ck_59684167f9c6bf4c,0.05497670137679066
ck_d5f5b0dc97b9dc27,0.016044941821205663
ck_13d1b192bbff8f32,0.02451492647318324
ck_b21d8630387cabce,0.0067311069119094956
ck_e4ac22046699b99f,0.010116532764305545
ck_74b848064f2ff45d,0.01344039174896516
ck_166aa980cc87fa77,0.27305450247441515
ck_98e337806104dd88,0.003312783331548412
ck_66eb09be007f0755,0.021361975282424017
ck_3ec9b9d8dd7be11c,0.014561239905467153
ck_8b8b9de339d75d0b,0.02634032801695669
ck_6715139e240007d9,0.009671396639700248
ck_a0255ab46e122d2f,0.00577579294706816
ck_66e81a4190c33510,0.012034234282278471
ck_5d75ea4f5c9080bc,0.6940547177547606
ck_df69858b8a8b3165,0.007450250298173012
ck_e15252ebd7553422,0.0040465544459831835
ck_34d6d74bb3ed11e5,0.010181429750832744
ck_c2608f78f6851d10,0.10091193169787914
ck_bb99071e8f58c8a4,0.304316464996901
ck_06010f0df5b7cef8,0.024928400685654644
ck_8c582eb0f6c0148c,0.02506582349795121
ck_0034d010d28aea78,0.007577242491974496
ck_01c1f06692566ca1,0.016213674650847318
ck_4807726e797fb893,0.017387340785345307
ck_edc9668282e3c8cb,0.0341380356034763
ck_5486768475af7bb5,0.8167750403133578
ck_3fb9813849e51837,0.015363979255763785
ck_861af5a9a9a6d619,0.015108930408257906
ck_da39653add0f1109,0.0016068090477341958
ck_74a4244eb1f162e4,0.0009339016027325605
ck_9a930faade55b8ea,0.004239590591579359
ck_fb6e06ca88519dcd,0.03201084005833099
ck_9776cd8263a9f415,0.024543644628625724
ck_b3dd1198ac5aea73,0.020053065203694227
ck_b6675a04df1a4276,0.004581202967089084
ck_5c7ad6e731b69333,0.4742285742425636
ck_28dc0fdbaec00580,0.11181300561791611
ck_8e7a32f7e3905f4e,0.027713715592051772
ck_8563fed6674afc77,0.012760777167455505
ck_9a2fcccb82da663e,0.024737912656759283
ck_6a519bdac0d94527,0.0026091610949389213
ck_a0dab7aa9c4a39a9,0.01565413010482461
ck_a3ce05e9e5e32142,0.024082030690115375
ck_7a7e40ee3f97c035,0.021528095159256962
ck_9e9a830785112a73,0.018931666649144408
ck_ab1bb02f6b189304,0.035122701146454494
ck_7b8cb0f90fbdc8c6,0.0062056419280366384
ck_b138fc249e659e60,0.008885258920618632
ck_e73caa3771ec5e0f,0.0059838299308158085
ck_18a55b06ccccd88b,0.024816227598019797
ck_fdcb1d9265d8fec1,0.06539798260240999
ck_e21a900556b382ad,0.00993354266030949
ck_c6bf67470f526771,0.01804075677344156
ck_b568ba3837afb39a,0.0021327679484057
ck_a2858979dd5645ef,0.004384628638240727
ck_1da9d40837ebaa57,0.048063714133230226
ck_9341c7959543c542,0.0028423084832823204
ck_c8ad86806b9a2369,0.05421774014334363
ck_5c85d93ecfed4b0e,0.002559595250574052
ck_f07b09879d697b82,0.0010149554764967463
ck_fe43da07608b1749,0.021374751575440068
ck_4bca22b5926b9c28,0.0015756668985413822
ck_aba573aa942b1d41,0.011526882331877281
ck_57c14e32fa4683bf,0.003577153841257689
ck_891530b489ce402b,0.0028813109843991245
ck_5e74fdadb93ff293,0.02864294426451472
ck_14436a409ebcc90f,0.027324322158530243
ck_00013fdfa0bd37dd,0.008164210221021616
ck_7dbe24ba01316775,0.023906182873961655
ck_0e3f80c1553c591b,0.016504480682463962
ck_3edc45db58760d76,0.006562179009036709
ck_29076a13f539187a,0.06630867452828451
ck_b1e81b58b9a545ce,0.06329232853888317
ck_3f8571d4f7420b2a,0.2621334408497604
ck_7dff6abe4bd644dd,0.4366986804839687
ck_2884bab237af16b7,0.006908069493405041
ck_231e6dd1fe708000,0.0019099437585896827
ck_33ecaa7b892e73df,0.0030949216989365268
ck_b109ec4c63503030,0.008390071650800959
ck_a7f522382509cef1,0.003445467624892875
ck_748b3ea941d8b3b9,0.008570085311712201
ck_29f3a1737a2d9634,0.028358584037299135
ck_cee8d42475a0f020,0.004596935145084685
ck_c6b6ebe145a8ffab,0.00687737073269351
ck_21c99e1d6b881894,0.0018386567550844665
ck_5ad798286384484e,0.10570883145642535
ck_b621b6ffcc7f4848,0.008263414916316431
ck_ea819e337233475c,0.6137296107265142
ck_9e3896c2668ce06b,0.0468393134405751
ck_501dcf1ead036d2b,0.012606137310364612
ck_8d5eda29a2cffa3c,0.015825016179065114
ck_4d3aa36ff83f1132,0.3118942190268426
ck_8e9faf94e3e6c757,0.0017971477247331659
ck_ce0ec41f96951048,0.024197205958837304
ck_f09165d73ee903b1,0.02225574906477278
ck_a432b1bf1d3b3d5e,0.1889224273793079
ck_ea618f720ff0b4b0,0.005183229901109121
ck_7584e7bd755cb28a,0.007668822963016581
ck_e14681aad43e1a72,0.018372169428382042
ck_5e18870d8e30e379,0.0097047379153814
ck_ff7c26a62bda8089,0.0014220512217396504
ck_cc5a35175d381d5a,0.004502806905453467
ck_3c25029e40aa8a84,0.003697181976247633
ck_771247b5bc16c12a,0.00449111877124305
ck_664b5e02759f985a,0.002405995583545751
ck_692a9e8f504b9762,0.0016870996185138509
ck_df8ad2deb0a4ffed,0.010439930783865351
ck_eb48c0bcd12ea654,0.025544756845185364
ck_7c77e597c951cdad,0.008372924296678462
ck_4f75144c6f3b13ad,0.02769434763993456
ck_1bcff399166d7c43,0.00760091897202954
ck_975c2aa3d4a8c51a,0.012808753245619116
ck_bc6f07b06aaa4ce3,0.08735257211728639
ck_80b072b7f3c7e8e5,0.008865082081605026
ck_471e4018a23b4e56,0.0017555640352727028
ck_53cddfba570b4a3b,0.03383774111934358
ck_630530e50764f229,0.007779203933970445
ck_dcef7887a4f1e435,0.03655300451168966
ck_2795921a055643f6,0.007086165752284516
ck_7456df89f3792235,0.0024791859443742737
ck_5014a3b07e1f049f,0.27363632162887336
ck_d4ec44760cbe03f4,0.013636008966343604
ck_96810ad39d4cb7b0,0.11869399844727453
ck_3222ea25aa29bfa6,0.00504417086215083
ck_f6c42001b84a10cb,0.4556087426850042
ck_5ac86682385c86b8,0.016756163242296843
ck_4280c33af57eb4f4,0.004204902760268227
ck_05f79ddd8eefaa56,0.017435359336179655
ck_3a57a13ce032a6fe,0.005295486232227668
ck_a721f0d635fad68a,0.01113893059414675
ck_a3f821bdf408c326,0.009633891245404544
ck_0ada63008be5685a,0.03724706961996174
ck_8c949bdc6e8720fa,0.18412286940881237
ck_c0d2c56f9c722e99,0.9326215735208275
ck_5d2b9e6e087b8dfc,0.9930138441432395
ck_5217b55593a332ca,0.20883910457832092
ck_7a7bb9be5a7e48ad,0.00954725484833053
ck_24cd0d779e866287,0.004229082966277847
ck_7367917891a63771,0.046295295893397426
ck_4b31a8862a857e6e,0.8234066020484844
ck_81429c4910ca46cd,0.005257207132929059
ck_b35d803568f82d9a,0.009705008254161896
ck_4b00e75c2d2d0522,0.0015987921918162208
ck_77fced07f6dff42b,0.013291715954463922
ck_3c9a06eb07c300e4,0.002545732258145925
ck_b3867f7f494db64c,0.001344624899043539
ck_0c45e54897ab34e2,0.07627666662197463
ck_507a6a580ab55c76,0.012533966897418938
ck_291bffc7809f896a,0.0021768025336024698
ck_3753cc5b9d02e2fd,0.0053889748635451455
ck_4f63d5245b3ac1dd,0.026564668880310824
ck_9dfb2ae78659240a,0.015468975828514746
ck_90f6f5ced708aa75,0.0009910583601800659
ck_8b5b5a6b5539e39b,0.7082453771404892
ck_4719112b55d20161,0.04039927211888929
ck_fec888a7108ca52d,0.986684433262606
ck_4f5d022c99f118b7,0.12914282099297714
ck_e967ff05514b697b,0.05384482144290948
ck_839ce35819bfa4fc,0.0011546306772133729
ck_bdee1221b9addff8,0.00987585790760393
ck_9cde4036d0914427,0.015514831437834432
ck_5ac959cbcc5e98f3,0.005248434390553876
ck_619842688294dabc,0.00860590941311133
ck_7373d7b04c7799bd,0.02895780557506952
ck_c1dd3feb9a0b6471,0.03199158010918961
ck_0324a4812ec319c6,0.01133278926759063
ck_7f3685aa2933b251,0.07041431025580798
ck_06aee5a62a67a84c,0.04954939161195333
ck_3428910b44b9d08f,0.007426647397180615
ck_c3ba7534cefc1de8,0.013414725860365535
ck_1f1273a67cbad5e5,0.6324587666136736
ck_124565a11b2f8bb8,0.004601526022035475
ck_38e46bc861e0165b,0.011914511843619446
ck_c8ad3f01319c065e,0.05139368424280266
ck_3f94a34f5038f7c1,0.6268179180738112
ck_cee56be5a502fbd1,0.10313826158796574
ck_2b90b76cf4d162f9,0.007713622075446008
ck_884b2e463ff1d54f,0.008263341200949436
ck_fab4f2f8531b4827,0.007377134339370883
ck_4fc6256e0e60a926,0.011416917291884196
ck_0a2f8b2f8a5b6f02,0.027199940924251893
ck_9c0deab8a8367c5e,0.0027759644054913737
ck_d3a2a4c011fa2554,0.002044616048438269
ck_4108b4038f762817,0.010421061538336692
ck_4df036e2aa7e1056,0.00407797661085184
ck_ec094eb1cbb3efc5,0.0018291758428137432
ck_09f8f51bfd2492c6,0.019311847749989557
ck_b60fb9a10d6f4489,0.05434588684063351
ck_3638bc3388dbc1bc,0.1588705923842496
ck_7a58e0cc9943c39a,0.001973696101678709
ck_37dab6a0a536ed49,0.07273149916759607
ck_adc576690df5b33b,0.019154650629406175
ck_1383b2b1875000f2,0.004214379138693854
ck_43c1248db37a2eb0,0.006820533691349395
ck_29c11bd68858e923,0.00324521987346655
ck_9401f9e11f65337d,0.03567724278897315
ck_ce5ed372b1a2ed6b,0.009863634391183845
ck_08b4619490e751a8,0.5602134977067148
ck_44b9125526acb05d,0.03359808892824199
ck_ef1a1de20d2124cb,0.0669005376703975
ck_e5e2624b7fc89774,0.04392516852627634
ck_f5100511609b92c0,0.0013687144104195192
ck_64f3bb17101b7c42,0.010479114289567108
ck_ea1e5b5128ecba2c,0.0023906138140234565
ck_516163fcf04d5e77,0.01777229468189478
ck_7f9a748110d70005,0.01018733409631111
ck_d263b55f0a681cce,0.017275703287044152
ck_0e962eacf98a813e,0.01258296106886812
ck_0406931800e0e2e6,0.0042897094557020005
ck_0e9b982afc88a3a9,0.987265521888906
ck_8bbb625384edebd7,0.0028418178363899234
ck_5eaeb87bf6207406,0.8964403299185629
ck_cc3318839c4b0745,0.009995535410031413
ck_08a0355d1f1890ef,0.004612875907378486
ck_af7ffd1a822460d3,0.24245648090336944
ck_2a09c7aa870edb6b,0.00441938345212605
ck_bc04f51c23290bcc,0.015571851859995548
ck_d3a8333cb389f4c6,0.02018462390887069
ck_88e3dd3039508332,0.01201717416226064
ck_b8c7771de9b57705,0.011099501115891355
ck_585ababa02383b50,0.016997494195986354
ck_e988c108754cee9c,0.011357828214023907
ck_4a691892d9d6cf89,0.010615276787008347
ck_7cdce37d895eefb8,0.0191787291828276
ck_483fb981a1fb4317,0.005552345688874126
ck_c1e5182bd99e0e35,0.18870955687763974
ck_9a1e3ec9a1839939,0.018934767100562116
ck_5c3f13de0dbd5086,0.046679955578170035
ck_f4f6f0caaab70040,0.010687872080678982
ck_791be3378dd7d64c,0.011827771681556364
ck_956dd784525f5886,0.02331090202813418
ck_098167eaf124c279,0.06626971630449101
ck_33ecff7914349ebc,0.0056445574871220915
ck_e05d44e46c7174e6,0.043626633855816305
ck_1b2ce474fa6582b4,0.041427906651176134
ck_ab581082e8f72e3d,0.0050562295314064065
ck_e63256667aa19070,0.0735348723922376
ck_f568772b6cb3febe,0.030832159922337468
ck_dd89a282375bbab6,0.061811925939095444
ck_a39d0bca345b492d,0.0036290882348836606
ck_d12d2924d0f7a64a,0.009582420597250983
ck_6a548da1728b5823,0.9649648508115113
ck_6d64193681d2a94f,0.031196106625253697
ck_ced6b6dcdc7c201a,0.015044530015108854
ck_d1b0699d26282871,0.03911554589882326
ck_58f757e40a9b8877,0.019833482948084305
ck_3272c2c4a37d5220,0.24291877433809486
ck_d94dfde9e03c9d1a,0.021097073874658184
ck_08a6d4903a7fbaca,0.010575584343948712
ck_6c72a36b05fa0f4c,0.03777921794049043
ck_dbb4bd4eda97255d,0.014949868790099482
ck_94b59bbc824b307a,0.001986861011850042
ck_0229a07185f15469,0.012882256907815878
ck_11bf1039f8b3025b,0.006466714097608838
ck_36789ca11459131e,0.0695134647253268
ck_8572c5f5c1447c62,0.018737396073009397
ck_9e75c6641939f4fc,0.16732477197957138
ck_b45e47c39d4dc7bf,0.01202015322294341
ck_02903c48b6cfd65d,0.005993864259693617
ck_b153386f1729de81,0.008075425478498247
ck_36979996f33498f7,0.2589004438990128
ck_3c02d4dbbf6716b6,0.008977381894550008
ck_66c9a19963957531,0.04027640695890597
ck_bae8dae7cfd8baba,0.0010270604100670268
ck_bba0ccc6cd968680,0.0211876097511125
ck_3267fe3aac05c71e,0.006143830557268789
ck_40052cac10562cde,0.019714707532302048
ck_d973444855403e2a,0.020862461422598476
ck_012519bb095ad36b,0.9835373461712873
ck_ad7c256ea10c4a00,0.12557524769117642
ck_70a60e095e9b706f,0.0012168318871088842
ck_f2734417c0db4ee3,0.0026392615235648733
ck_9cb89cc3178e0172,0.01380835727428158
ck_779cc0f2de4d5488,0.1445570576153365
ck_35f8656bf93e3b3d,0.015943915857779052
ck_bdd8eba728800e29,0.040119563783220326
ck_002cf760d173f0f8,0.0194759422384564
ck_b046067c6ca3831e,0.0021432348236084305
ck_a4a42d4bff8af645,0.007753322434037939
ck_bce253d2396681a1,0.029685182140357733
ck_00dafc060c8de32a,0.014163122208039183
ck_968a99e097ee78c9,0.07451203666121409
ck_66949171b387bb93,0.01565728928624454
ck_ad305286702b1958,0.0024009801653804477
ck_4732da7e0d2dfc7c,0.004657311079821282
ck_17a95bba77217d85,0.034092680106315144
ck_3e2516a3e35067e0,0.004878746044620307
ck_0b615ed566da1f58,0.007399825583052051
ck_d2b3ce1ebabe9f93,0.0294623377835259
ck_a892252e4e0c2828,0.011489248441812878
ck_cf606fd6ebfdf9bc,0.004248474447662482
ck_718865237134ebe8,0.007817748188979078
ck_878522cb775b904c,0.06997052558849357
ck_9ed53de6ef779ae0,0.002654199729162789
ck_3f16e2cd7e6874cc,0.03361817719170108
ck_3c59df37895ead2d,0.009686574014348763
ck_6821459b626d492c,0.007044536391785205
ck_11c7667920541587,0.006576942865177697
ck_23a016cf6b98d89c,0.03764534197219985
ck_7137eeb394d200f1,0.03920044516252544
ck_9c4886c5c90ddbdc,0.011550811311424991
ck_1422a7bf7756294d,0.7818526168650674
ck_7ebc5fa7f0d3b8f2,0.033115198430527876
ck_fcc2059a8d5c41fa,0.19066408246091446
ck_00ff7389d6a83e29,0.24466210060694182
ck_03129b41457795d2,0.03866633101465745
ck_38ba64efa7c38250,0.03337165183122547
ck_57a6b56b09bff24e,0.008339074244378561
ck_e3b3c5a80a567418,0.003924915220048889
ck_fc40a16adfced018,0.0049004145247745325
ck_9d4b5e6b43bad4d8,0.0066357450538272605
ck_61129937ee466b49,0.05804304724854045
ck_74112e47b8629c2a,0.05320785943392646
ck_b4703ee97f94d7fb,0.001660205004274245
ck_e560f720a988d8a2,0.6015217819169426
ck_708fea345f68037e,0.007878171233144915
ck_25394c1b83e0b803,0.00563859236235048
ck_17ab24fe914ae44b,0.0031827375413381763
ck_16c501470d9bb006,0.002050943493094381
ck_628f449e248c19b7,0.025619808621285916
ck_6d64190623dea714,0.003295837006359575
ck_504a45ee08db72b6,0.01424104977800162
ck_6cbb011e0c70bc7c,0.0028892648214356572
ck_b3225a98acd04f83,0.012321990904031438
ck_aa37993f1c17cd1e,0.08985601763567418
ck_558cfe5f77a55a9d,0.008268294712911763
ck_0d0a1a021efea5b6,0.022462278905632127
ck_daf7aea023b7a8f6,0.008713823028901231
ck_d75f25184ece2b51,0.004461451931224091
ck_466d4b5366c50b98,0.0070444139227363155
ck_88f27ab479063852,0.024051056082933495
ck_66779098e78c1760,0.012475130296456256
ck_b150fe4efb449b05,0.022599064124408794
ck_9c3aa9f23d01fa1c,0.014441469131532029
ck_6a01c375fc26705a,0.0061506243377484945
ck_002eb6552b504ea1,0.030172087737604627
ck_affa5aa0bff9bb0c,0.010953611862041754
ck_027614eeba8b1a4b,0.011291070614654524
ck_67e075c982add719,0.018269437051211704
ck_399b0d510be98bd2,0.013133694540605124
ck_e9b0bca7368555ef,0.003269664153970589
ck_59c29d9c57b4f994,0.016641269403404605
ck_37176850ed68831e,0.003508147488440821
ck_a0db4ccca08030c3,0.6975238244079195
ck_aa188e5c25f7f42a,0.008515220845835695
ck_7de6997178207800,0.0024606009131830637
ck_c729d19053387be9,0.10157945262102414
ck_f2d3e3d90608596d,0.33486422040094477
ck_2db3fb565e0211ee,0.0029591040232305093
ck_bed8a480e27e911e,0.030742108978119447
ck_d7ad9921a4d25926,0.03764343866790654
ck_2a59f23fc5194699,0.21025769969735914
ck_63601a58a6120d8a,0.050958206096342044
ck_efd7b9e22c6317d6,0.00873874876921542
ck_9ab42875a0f95b43,0.04598047555135732
ck_85cb5033fca7c846,0.043304237841321085
ck_5249b223000915ec,0.013422165357489836
ck_3efb0e9bf25612c7,0.006522902363206128
ck_678e74532ac19700,0.01169224201024976
ck_a980b296c95153f9,0.007124910763214354
ck_01ac687ce0d696a7,0.01510221398463382
ck_52e1418cf1aa9871,0.021104655346238288
ck_7d28da4f1dab09ee,0.05512243374520898
ck_010d0c2e6c1657fd,0.03507596410858055
ck_b524f7a2e752b9d0,0.005806747976175954
ck_cc447fcc24a0772b,0.12994904757694772
ck_2cb3c99845e572da,0.0036341906639737994
ck_604c710141327a81,0.0033395983062443307
ck_8d5fa65717d2e0c6,0.019674244860679965
ck_31199510b40602a1,0.007935539949248241
ck_49e253ea12f4e922,0.05532802725598273
ck_780738e0d71e7e43,0.007388878790306937
ck_2cd21137a07fdd7d,0.0036354233491436216
ck_5e021f2a3b66e256,0.03576280986221101
ck_efbc79246e32c66a,0.034095163318962764
ck_9951bd806c13c7fd,0.014233810810998348
ck_7a52674e2806d8f5,0.0691365075967101
ck_1a319e509f1efa1a,0.002641939607720554
ck_c920901b9a4ba993,0.9236303339946719
ck_b71279e807d0b3a7,0.017874375299125278
ck_47e1032f490bb018,0.021845526179336165
ck_192579ecdca7ff83,0.02785618095157493
ck_b1496c474c4a3239,0.0017203473097323755
ck_5e68ea2c5e893cf0,0.05086062424393038
ck_f2ecab85d4693b4e,0.01860301789565757
ck_89d7bfc81c3df597,0.01094229246661636
ck_7929284327667791,0.0949925337160745
ck_494ec63c5ce8e150,0.009544033235942993
ck_319b059bb2145586,0.03105446727005873
ck_ccb3767c239018c1,0.00752994012546565
ck_a1c7adfe26e09a8c,0.04806301729935839
ck_0e13c4f73818149b,0.01743836883790754
ck_c285a51ed6214f52,0.27178763538369705
ck_916784595f028226,0.15894770285416593
ck_6cd8e0196365c474,0.006225209975279303
ck_57b657aba4daffde,0.06289597826742088
ck_562c76a3753fc7da,0.6597954611707081
ck_66cfc1ebc9a513c8,0.005812202615261229
ck_0f38d4aed68d7d24,0.014937576587286323
ck_d8ddf5e99f7859e4,0.025256096701243104
ck_41bc3efa0fca700e,0.015962042103443257
ck_40799e129fcf42c5,0.0604836679227982
ck_786f079389126e44,0.02892640439951206
ck_bb4c6b713eb0b978,0.10767249966903537
ck_4f01f7eac0efaba5,0.014433003609819858
ck_47d29c01b20cf69f,0.005510096572615085
ck_bf15a1f8d67a30d3,0.028328171187079348
ck_bfecad7586f65e4d,0.06684458843178337
ck_fc9f16df35190eb4,0.2773409139736963
ck_c09c914e416edd08,0.009666477629854144
ck_c54c5d8e4433b0f2,0.006271225082773703
ck_1694c28f44480e98,0.014467244168899631
ck_1dcaa3078dbb7571,0.0008712256309769361
ck_af559f990c640e41,0.015311970996861116
ck_9b436162039a77d0,0.05023376085023802
ck_79d62ef181bd0cd8,0.012498090157960868
ck_23caafc2cd34242c,0.019075324863170554
ck_ffe2aa26f597e552,0.018092741762533567
ck_e6ffd0754ac08661,0.0016568886181016944
ck_beaacb4a783db21f,0.001830050926251796
ck_9863bff41d24ce9b,0.00939694718285586
ck_323b9cc5c49f8ea0,0.18626992709146828
ck_ab3de3d3e41c2082,0.005487605599801816
ck_35c93b2924900376,0.018471720723696027
ck_5a9d5f9901e37e31,0.024529332100981637
ck_782b0be796164335,0.002979745963217425
ck_11960b5f1c7a5e2c,0.008002439531438225
ck_9a66cb13a9884cc2,0.018201213747914422
ck_ba666a425930615a,0.003098672989377192
ck_40140bef4db73741,0.012609596136839022
ck_e05e91cc180063d4,0.22945408513814722
ck_c7f6f45710bc050f,0.005663924816733482
ck_055fb9f2e1c8c934,0.04140009768350677
ck_58bb02d98e2b9cd5,0.016298857330850104
ck_d9f8efa6a7800f76,0.006975647633103596
ck_69691226c68fd50b,0.584525391181107
ck_6f2f0396e5b1c538,0.9584503768027164
ck_78bc3f1d0f35ea6c,0.01078625890830062
ck_2d5a6b6636a2596b,0.008726664283041316
ck_7878545739af0a73,0.0010992874209257153
ck_03c4fa4f3ed3512e,0.001255741302147122
ck_1a9e51d092d62c84,0.26726842528639216
ck_9f3861940d8d873c,0.22476848304535715
ck_4684fdd61c6a0fac,0.05711818025034544
ck_715966f86d5c913d,0.0025742867001755073
ck_77f293d44b4a3d2e,0.055779300812278027
ck_24dae044dc05f849,0.03097029172538592
ck_00b9818e2064405e,0.1549224063175285
ck_c1c2cb49c3c1b0f5,0.39924048043293375
ck_bed50fc64fbbf8ec,0.006890790752782417
ck_4f6ed5ea5ab7c429,0.0060947189629827914
ck_458531c22ec2f9b3,0.013021491729653481
ck_51c50c4c443df31a,0.437241003017402
ck_732d45bd578dc39d,0.012766625349357066
ck_783fe5bc20cd02db,0.05230649439844267
ck_7f188aaa63d1d442,0.017287055939173984
ck_ef307a6aee38d1fe,0.8052481999556506
ck_e37196b20968b73c,0.04140951784854162
ck_4ef9de711c3d93b1,0.048680598105610706
ck_17946516d5df71d7,0.009453208158906363
ck_3534be0f4efd313c,0.026054710266322854
ck_29fbabf855cabdff,0.0021448386087458754
ck_191673540d8486af,0.03580515032980135
ck_5f52728d777ff2c5,0.01570629535751519
ck_a045a19369016818,0.9957495996107202
ck_4eadbe7298b15e96,0.021029810050549907
ck_a3a0bd59729fe619,0.009143053019927048
ck_a1e77090b1c6ccf4,0.0220632099514359
ck_69ab9d4784eb77bd,0.019369633082879516
ck_baa47383ffd50f04,0.021325965969814127
ck_e35b2ed08b9e55a7,0.010697442291914577
ck_b6e3af0a5119d9a0,0.1003981931063573
ck_a7c1dabf3869772f,0.11803714864640272
ck_80b8fca67a14e0be,0.28749899638503446
ck_dd9c5f0c42878e67,0.0036879598999757816
ck_41ef7967faf5ce82,0.0008173884479117608
ck_a93560aa348d6225,0.03316169545202428
ck_ffe91d6f0bd93fc6,0.07071894460312797
ck_fbf630c960194033,0.00946956215574226
ck_497ed60723283c0b,0.019497186125675185
ck_2a46b7ca55239413,0.007387838685123612
ck_1a4e5ace078dd782,0.05857069797536816
ck_616cc31910f5de50,0.0030222724897254736
ck_0d65bc749eb42710,0.04036655057705975
ck_2408db62e4395ccd,0.018147218577754653
ck_5d7721930106dce8,0.015231916719574247
ck_e8a6acea22b20312,0.20404640677571073
ck_e2f792fae128b18e,0.16587085710610908
ck_e6d3ce445b86003f,0.0015594824654193073
ck_263334d722ecbc97,0.22874007535559024
ck_8c5b29f6666d4874,0.04119771529587555
ck_7ea0bf310fc20c7b,0.7655687332446
ck_54d463f7fd89ec3d,0.03759029046898003
ck_79e45040dbdd6447,0.02944814256628084
ck_60b4d59953505682,0.4722701010357635
ck_fb00dd5021642507,0.021640584615227557
ck_f409ff994a210601,0.027537553102964307
ck_2ca0020038bfec58,0.345100386731319
ck_adf84b9df54c3d80,0.02416892495665339
ck_942dbf632591b65d,0.06247969655417097
ck_454a7e4d859a3409,0.0017822402899884237
ck_2139062d4569aa07,0.004372771696394349
ck_e949a0f4df0b3902,0.0960197663789032
ck_bb113e3e6716ed65,0.01131376521641732
ck_6a28ea6ce69cb869,0.0857131051902787
ck_7df9910af2bba21b,0.006676356630617031
ck_78aa4b731cbfe251,0.0026361142091377533
ck_5839f5cbd8165b1e,0.07051421270025236
ck_7158ad9e58769ffa,0.0796957132708809
ck_acee218cbe61df69,0.025636861347599942
ck_f8dc8473c2772729,0.03348430911513737
ck_f34c93a8173555b1,0.07284023919022109
ck_7cf301d075e4e709,0.014536400934466266
ck_b87e88ee5512ea17,0.004279724190024242
ck_bed0c020b10afa3b,0.00842237827764627
ck_ca10102961f99eb4,0.0020007461193399818
ck_393287947b5c8d79,0.01744321033454792
ck_2fe6cac002142f67,0.02335115711760137
ck_79c7f0d29b1db1cd,0.11128155561660949
ck_c735b643d3cbf67b,0.0035967896908334924
ck_ea4332c8fe48e2a3,0.008596114939086054
ck_d39864119cdd460f,0.00766567027041886
ck_3b963d6be2773861,0.0017898067633321624
ck_df39e3b8a9fd0bfd,0.7367263616859003
ck_6236a461dc0d11a3,0.0032956065086348083
ck_475ebccca25e30d1,0.012920933681142001
ck_c10c8bcf5bcd516e,0.025122061746639352
ck_49ccc3716a564256,0.006266385014831877
ck_4e4f99102f6938cf,0.010737105725805808
ck_a97b481ade6f7972,0.026675867959095035
ck_3fa559c679751b3a,0.02480205936791311
ck_3eba1fd2c7acc4c0,0.2747455842947591
ck_18c179b4afc4fccc,0.007741043026584053
ck_cc1c0b93d05b7d20,0.10788246296015551
ck_742f7c28ddd019e8,0.02523151246619716
ck_04470bc93b8a0d71,0.015409074122224281
ck_6e8f8ef7a03cc6bf,0.03778103119317675
ck_eb1ddfc353b4da83,0.0016531256184669672
ck_98831b57c7ca2e4f,0.0016901610958551419
ck_a6c7b8d6e8596d4f,0.08948602326429753
ck_cd7d24e3b095e96e,0.0800452747931832
ck_3f5ae4673a9f858e,0.013020717469567414
ck_05f375fc8ae0afb0,0.004840617064224138
ck_1fc98436281ee39e,0.004044337081745697
ck_6c48c58678f64bae,0.0019041455827906882
ck_8c95aeec6a4c75b0,0.006760534234018409
ck_364cde38958b7af3,0.12142727549383626
ck_85bf21aa1a00452f,0.0033449059055520587
ck_796d3eaabc667c23,0.9896318757002833
ck_ac449ee0c315edde,0.0028195658761325485
ck_6f9fd15ac6b163de,0.006145897688653688
ck_4087065be2a45ad7,0.2756479899171222
ck_ecf006bbc78ee3eb,0.0856578617551579
ck_8ca808cc5a49cb5c,0.036867469287116796
ck_94b90ab8b2dfb50f,0.04256793933421003
ck_59fd11b3232de9dc,0.8830595108305844
ck_67f3794d93e2dd67,0.33678420184004415
ck_b7f5acf5df1bb13e,0.008392958380491039
ck_fb04ecbaebb774bd,0.007159088931455592
ck_68ef3e7301c621b7,0.031869077658977035
ck_41406cfa209b6bda,0.0023880605737984285
ck_b0f8f5408662337b,0.002553476213004949
ck_0d2901bfe585c391,0.06016741692922277
ck_3398551e81dbf3db,0.05240208362746117
ck_61c3e3e277629646,0.024246767106187356
ck_2825e34dd3e7ea2a,0.018707190755275174
ck_20d7571ba830009d,0.014387622071840253
ck_c98b16f9a72a6568,0.0008579503117900439
ck_e7c8a9e4641eb9ed,0.001995563069706364
ck_254a7c97c36dab8d,0.014616850097164812
ck_e98429675b46272b,0.004445926466213223
ck_c2fc0ac460786d02,0.049546494103506124
ck_fba15647b3a140d9,0.013928940428018108
ck_15ce50f2704227be,0.00957855640214526
ck_8c748aaa4a4554f9,0.03291810509607077
ck_e00e82a9419ff086,0.12960736185048266
ck_832341c98254bd84,0.011797693199116827
ck_27466468d06db4eb,0.04027093698317724
ck_9d7b9e3ff1f3e71e,0.012454149452289696
ck_42c6973d3a6fe983,0.006712621836133656
ck_877c85bad118bc62,0.11356796616968953
ck_75d2a2715259c4d7,0.03666078834431434
ck_37d3e5c681a2214d,0.18859116152685462
ck_bf285dd49f372de4,0.005642201664712345
ck_a5bdd026fa9c50fd,0.005714938401469876
ck_88d9244a9cf7a77e,0.504591173174345
ck_5881b174e49b04ee,0.0077239033449006175
ck_5b16d67c5ea89930,0.025173008583561935
ck_b75b936aafac56b9,0.012883492460074954
ck_aed2681e1646a0df,0.022665683910123607
ck_f63cb5e8cc702bad,0.0064051388363648215
ck_1805fcfc4a9e4ffa,0.7948684747491876
ck_25c355da356c730d,0.04785150556481627
ck_70396398e4a96449,0.006054855495705399
ck_0f743bd13373748e,0.03222094056207391
ck_4b387765f0e916cd,0.0007555286433003671
ck_e971faae8a10a260,0.0023240648923753544
ck_9eb08369e983abfa,0.0016545346225894566
ck_c30c5844512e429f,0.06568442078833522
ck_59e77e3a81f1fa0d,0.1574582330451475
ck_ca4465f2b5c1a52e,0.9660662378503817
ck_c89b9ca398402f1e,0.00524292778877534
ck_36e72ef9273e7a95,0.00967731007791093
ck_2bdd8616870e5e1c,0.0047955583450218255
ck_216e87a41de22b5d,0.10766599558769319
ck_60f4fb44f5efe3a0,0.0028488061227712317
ck_05652e8ace6ce6cb,0.0045886942027089095
ck_8c136dc691e65695,0.0008362973061030832
ck_a08f8dfadbdca112,0.002344470259753421
ck_bda4041a3e90d860,0.005524048448352432
ck_15dd3ecaa8ce0245,0.5214431766126502
ck_3e3c64b3b7876ce6,0.02816210038081773
ck_46225858a38b2e57,0.008766258097302736
ck_0cb9f54928f4feee,0.035704732587263185
ck_152671fbf8a9a78e,0.04031107280515932
ck_ee7a515e87d17d4e,0.02304302595240838
ck_f7276091bf513d22,0.0014208827913939413
ck_4f05daf1cf0d5755,0.0009010171357966964
ck_83a69c4a5d55ef19,0.03347023991912566
ck_c50fed2a7c9198c0,0.024374507661857614
ck_70d19d5650ddc8f5,0.006019878495462969
ck_4b4d99e443618904,0.03750253667145907
ck_dca0b6ca93311ca2,0.05746730643277266
ck_b7431d4706461ec6,0.004826597267233993
ck_7b59d22cadef3b05,0.24735411289902395
ck_53428573abcd606f,0.02145362259340816
ck_f538ab6aecf2adfd,0.0007040727286154297
ck_d321249fb065d2fa,0.05374027852254901
ck_72fdfc7e6d8e1436,0.002824604215571101
ck_b52b99dad89ecdfb,0.030929497193863502
ck_d2d4282f9d256b3e,0.0054759614319858495
ck_c8f2a1dd8a6141a4,0.0015779122087512926
ck_8d38747058d0aeea,0.20500939955096636
ck_3ac528caac74f563,0.022051113580040565
ck_8dbaaa00ad829ca9,0.07785083665895891
ck_7c38ec898f0fc21d,0.008043323516253711
ck_8171ef803f5ff604,0.01378128207533224
ck_01a750db6fc1168a,0.05367828356802555
ck_ceb017baa26e98c8,0.07034530787171678
ck_e2c66c72cc0b0f78,0.0678598109643889
ck_8d9518f64b222416,0.008038084763264433
ck_804c5a1fa5753617,0.01609718646240409
ck_fca7cc9c42695453,0.06650032394778553
ck_3a632cdf2c19051b,0.011503732714980154
ck_b2b63ea65edf1dde,0.06175948846471282
ck_27b07021500ee841,0.0292786171354441
ck_9724718fe64c6557,0.964145491856406
ck_2786cbc3e75ec034,0.2561143766433266
ck_d9c2622cb6df380b,0.005251588094704734
ck_ae1da8ee98e402a4,0.009360579987866787
ck_62967b91504149f9,0.004961906227323383
ck_6b255bf68709109a,0.008874842043526563
ck_c55afc68421d85e2,0.011017007984151823
ck_7c7266f6ef2a8466,0.0258821255617894
ck_885cf685a9541190,0.5501234055779616
ck_1a4bb7d3d2ee3227,0.011631624430610518
ck_b4911c42f3bff740,0.0005834870077727736
ck_66f9f78d4c6a3edb,0.038395245369151634
ck_49bdba9ee1899dfe,0.029045768502904235
ck_79b235d51718435d,0.020062153719436388
ck_d840db8cfe2ef6f1,0.002185817236155893
ck_610c7bcc1cd7ecb0,0.010398656494123915
ck_cf49b6544aff6c50,0.2777103868672315
ck_de05f97c3d40dd1b,0.07189326332601724
ck_0302f67d75973dce,0.02313896897278375
ck_54c2604c9ca6256b,0.019834016768441487
ck_a1c88c0568f142d0,0.07466405248391186
ck_5d72ff6cc2963d1a,0.003798428825665226
ck_0446920a1004c596,0.0022236113661315885
ck_71044c29ef071570,0.008672858986835173
ck_2122e9bb1afffef7,0.01261969230837123
ck_d1e3de178601d3c2,0.0301948232572331
ck_bec8324a3587ef04,0.0036515139691381936
ck_b616b6f45225f319,0.05550663816778181
ck_ce1e695884511479,0.0290775048754725
ck_a662b4bf900781e4,0.0024788549214545697
ck_b5a84c5547378c10,0.001934984867826041
ck_f80af368cfc6cb7e,0.030251722399742133
ck_da3526ab6c5c884a,0.006552644899128767
ck_bd20be9a3392d79b,0.004373634987705327
ck_b8266dcd90cbfa62,0.004318508713289965
ck_ac84b33304362c06,0.023095187850562426
ck_794d8935a895e33f,0.025153590425273264
ck_8fea7d915259f1be,0.00482869804988793
ck_7a1519ad5ff45312,0.0009161228468282503
ck_9bf3ce30b65f75c7,0.02728646110024492
ck_5f864d72d1eead99,0.04100824853682305
ck_3c48e0cfc2a58041,0.3076296482311027
ck_d902183f80cc81fa,0.0452827550406688
ck_539cb0d117db8cd3,0.1823952710615753
ck_28f530aec8e77130,0.04370164927252953
ck_e7d903c50d353361,0.007171485065739976
ck_d288b77d1e227970,0.019972827553154222
ck_017208fcc01b5d40,0.01012702485300267
ck_7e3923d278a5106e,0.012125582092260678
ck_9700a00ff9e66216,0.031312840182488706
ck_5c36c78b7a4d138c,0.1518052361095881
ck_c457e9c9224b773d,0.013824215624538633
ck_1dfa91405d7e66bc,0.008093902698156404
ck_f1d8a2695a575e56,0.0019774809380320286
ck_3b92a46daf8d00d2,0.022838685820613828
ck_aab23b5470469649,0.04143350736271007
ck_ecdd01a391610d99,0.002943957109116087
ck_abd3aa292f8edb4d,0.05950638205729306
ck_7fc9a0776e1339e3,0.0033989422868313207
ck_c0389ebeb0e65cb8,0.0011557783281606125
ck_48d0fc4f6a2109fa,0.9659109234217481
ck_571dee4f3336c7ce,0.017519411419889497
ck_4cedf26628c84f26,0.03969452215214458
ck_63356762d24aab81,0.014186997085006516
ck_2c5bc11bb7ae5d2c,0.9596910233868001
ck_6d26a152f900fee8,0.01248305846315723
ck_c972b0e781efed3b,0.005975634188410857
ck_fa0ecbcf9a33d6ce,0.003069301578664434
ck_fa3a766e49dc77ae,0.015094166044213911
ck_7baf1e55db0dc558,0.038359310135774864
ck_e8bc49e6494c1f37,0.0037012499076434753
ck_8ef1d05cc1e53e7e,0.008770276750456867
ck_cef2a485a77e0723,0.002683040197512678
ck_228a583f23abff48,0.024856485252806575
ck_ac32c6e374782b27,0.03753597599460237
ck_b9485218cef413f0,0.004359362766157976
ck_7f15503048915d6f,0.007582508784622902
ck_b62f5144db15ad34,0.2819462606676618
ck_917d82c552f95a23,0.020240408155956433
ck_fb4797045077bc6d,0.002405990230684481
ck_2cf8a44e041217de,0.01889569485442543
ck_b7dd681eb3d2ee38,0.0028484553653552016
ck_e9e8cacd2fa35e79,0.01744565068121639
ck_342a79f91de5d1fa,0.02896635852044039
ck_2c91f62c05685ed7,0.009366554731542355
ck_e30cb64302939f38,0.03351671164894589
ck_d0e95b90ba86da10,0.016544810114248125
ck_1774faf414a5d49d,0.5748626645095304
ck_2401e8ff89e574fd,0.7449898562621157
ck_0cd8802264e0a1ef,0.005487987742267968
ck_da84a0dfe947fd3c,0.0050651405430744804
ck_c8affb27ba7fb5db,0.11001272785931411
ck_bc7ece8787ca7200,0.00876996254176485
ck_469a0578d05990c2,0.003775938295192091
ck_eef67f8dea702338,0.06248566923166871
ck_4f490e379e9ded9a,0.004348138204197178
ck_354379de065a8ff8,0.003768920418363304
ck_5db1cb368bc41ac3,0.008087315715147451
ck_9b1c3742dd6fcb8b,0.01648637170094782
ck_63ce4f44c92d7143,0.014733912915244717
ck_e15e3390f5ed45f3,0.027012700642328677
ck_da645ea91d66aa6f,0.4432887110252922
ck_834ca727df855f07,0.0777056050593074
ck_e1d5ad20c737c745,0.04979458117477181
ck_ff8059ae5fa5f1ee,0.000771614499068316
ck_8bb9e75393954a1f,0.0011019416921039498
ck_4e1757d1347ab387,0.9751962236744429
ck_af3f74b1d75a5d95,0.004612135087782059
ck_6b1ab0742ff04c3e,0.024223671928965993
ck_f56073911c9f1ab7,0.003240277321922198
ck_51bd5f69b4fe0b92,0.26488383466918586
ck_fc3d95030b81f416,0.0010147257677762909
ck_cf78169633a1600f,0.002094207066591204
ck_ad7269eaa65c67f9,0.023536817081428494
ck_cc6d33890d47a6cf,0.024546922010799384
ck_bc8f31f4a2ffa1ae,0.007042092204577185
ck_720776a46e56dfa8,0.013690826909420748
ck_e2d1f212f259539b,0.008513141944282522
ck_eaf6f7082c3db2bf,0.04916050792746269
ck_773efe58c6278c3c,0.045997752929628634
ck_c4a72c09f2fdacc4,0.004866822236819828
ck_8982888dd6611143,0.002022515449376709
ck_9d5049e195eda029,0.02365163704236008
ck_de58ef6f9fe2b546,0.01264243533822462
ck_c0b50c11e4f5adf7,0.017661199083303183
ck_ddaf228487858bb8,0.0645594117039043
ck_eb2323215ff70362,0.045858186542705584
ck_168c96a1a636ea15,0.023140257605767833
ck_9c46711b14d9eebc,0.006535720824487638
ck_de8af660806b97b5,0.0015508457631170584
ck_6ab83f45bf16eaa6,0.009783670470387834
ck_bf2228a052815840,0.007614459024840509
ck_3f943f20a9da9bff,0.015320740126823933
ck_3baae40454c00938,0.015769077464160036
ck_bc2e771a1d8d2dee,0.027297522251563646
ck_e55f5ca37f30ce8c,0.012879504980800587
ck_4ad5937bef176d89,0.002716326639762277
ck_126531a9126c17c4,0.003387243212590984
ck_7ec423cb56257516,0.02865129804085545
ck_54748ae0f2daaf10,0.018094696894100783
ck_ff24776280ceeeed,0.003971417861862402
ck_3c3a1a1365741bba,0.005168733328857582
ck_615277c8a4e2b18b,0.01769502530019924
ck_a96aaef34173aee6,0.07044382595746407
ck_bea56db7f3e930e8,0.002066775549563167
ck_ca491debd3b32a59,0.019586073980107116
ck_d9ea77f4114a389c,0.009595676548714935
ck_322ffda3332d08a2,0.012983487423603382
ck_c40ffefe4e30b001,0.019561585583382373
ck_3b1d7648d4580bef,0.006405135655379698
ck_23981a3261674131,0.007121957885924917
ck_11667f5b9fac7bc7,0.004275463540031061
ck_646bb3c7be5f0817,0.004880334363249413
ck_ebd0a45712dcf07a,0.008756301855402077
ck_baf43bf1bd963f9f,0.05287506070383944
ck_e0ca2c819658f6b6,0.99548118019439
ck_f0d6633d0834fff5,0.04828830324089157
ck_91081be0254878a5,0.010887878635462055
ck_1325000bc7f35b5e,0.0038931706536913793
ck_c624b9063400fa3a,0.1526952024752574
ck_0ad6fa0e23c3bd0a,0.23098072308474082
ck_6ddb55b1f23c6cb1,0.007482978259987036
ck_dce1fb3acd65562f,0.003242761213687528
ck_a9aa389688ee5aea,0.009657540204942645
ck_5c5284c45d9ad8bf,0.0753251524240054
ck_9ce743dd3e92549c,0.022398520940757786
ck_8342e08cc2f9bcb7,0.005348188869843408
ck_25e551a0a8d2fcc2,0.030429798075243326
ck_d4fd0e438c97e0c7,0.04504985779175865
ck_ac7fe1c344190c50,0.008438481493508053
ck_ddd65711b5651f89,0.0025706143298070074
ck_ec7406cb5cbc8f10,0.0037794412215832744
ck_1c65e8d5be3b9c60,0.3286408779955323
ck_38ee42f15a573e81,0.035924895534574605
ck_0e5385c70c6de025,0.026869593026398717
ck_d3137f0f7629040b,0.006136604973620704
ck_9129c92c12e0c8b4,0.004781085691561051
ck_c86520a00e50a926,0.025397576440029934
ck_87f82b2b5fee757a,0.029727112968356548
ck_643abfbd7548d0c9,0.027432229006560647
ck_be51f4e5e6b85768,0.1944622137526979
ck_132c16312f37810f,0.0032761617912218225
ck_c78c096ca8cb33ac,0.001477267757996931
ck_2ce5afbc014763b8,0.0235992879671233
ck_50ed8f4e7ae6710f,0.020570474183731095
ck_5a4eb535c9a11993,0.018423929113223665
ck_9b665ef46d785324,0.01667668799473549
ck_e066f71f8b296b7a,0.0036759903833010667
ck_560bc6017870ab06,0.0034006876932713187
ck_fd78f8a8663646d7,0.010301706783053756
ck_4af5ec61ddbde1a4,0.027661107935681512
ck_c2ed04a9d218410b,0.0031748351680741926
ck_2455d43bbdd2bb69,0.01299548941458118
ck_56eed7041add49a1,0.12193735126262126
ck_5f0be7b468a72333,0.006895744898883208
ck_19660cec756632ca,0.013128372618291044
ck_fb90408f4892a21f,0.008317270768269241
ck_833a65b86a5d9bda,0.0015758569730343285
ck_2ac36e1dff211d38,0.03290586285759522
ck_c00e70606904539a,0.004611124066382624
ck_ba8affe4b9505a95,0.4732859417528921
ck_0c3dd22587b08018,0.05573803726113538
ck_618c4e5cfae99dcd,0.016252845024688545
ck_c9690baddfc4177e,0.005063315284190114
ck_59fae092fb0c4aa3,0.028116134811737317
ck_e03b7d0fa0b28f4b,0.003812805062614198
ck_d451d24c780b5884,0.014346900534219586
ck_e980d325b8dbb8dd,0.0019226813150735342
ck_cff18e2d8c520272,0.002472044051073277
ck_a0e46b67e986ab56,0.015159017786739308
ck_3a469039a5b9d963,0.012668491268088994
ck_12cbb211ebd2b437,0.04695742115089497
ck_b8cdd6d6dccc4554,0.002579177161622004
ck_794ba5921cef50c9,0.035837454704495626
ck_2c7667f64edec2b5,0.010024505103779733
ck_7262b4e0c29c942d,0.03658988688145697
ck_5d818522cbfe2a54,0.13254239990435995
ck_de39c1947fb675ee,0.057335633143213445
ck_c021495606b4735e,0.003993202797783698
ck_1fc03ba33edd9e67,0.025926377937155527
ck_a6fe344bbf67f14b,0.0074332459071796446
ck_963762210edc5694,0.01886955424381414
ck_d064428b7e7dc409,0.011962943049499974
ck_59be61b53d971611,0.01029796174110725
ck_ec8738ec663cd2eb,0.02512524916211407
ck_59d086fab5998646,0.01041352236313857
ck_bd32dd3b2cbb7888,0.9928691769115983
ck_ce0166addb93bbad,0.001534231186539944
ck_7c0fdfbb447cdc04,0.008909863231146418
ck_cb1bd7635968ed8c,0.27130331588022216
ck_66f94903177f20eb,0.012994367573508872
ck_1d7cd5dcbcdafd7b,0.5518199174006726
ck_5e418a7c04437b4a,0.03497732224746349
ck_631ea1ae91ab333e,0.01720395549729178
ck_0a8029e79a5ae7ce,0.026428351936850183
ck_c4cca8278bdad9b9,0.0011011992642334454
ck_4dec3df58077a257,0.18157230101714583
ck_609c249edd88c565,0.008865421045117308
ck_02e5f9cbbbf2f078,0.027039889333004493
ck_32e486859130458f,0.7072443452836925
ck_21ed2ea6386c5a07,0.002720466622244116
ck_1242aa4496576a99,0.005143305115475649
ck_475ea9aa6d3898b7,0.18678240936087745
ck_fe1b1adae3be70a6,0.7665600010546676
ck_c5414d7a8031d4f5,0.007809282418264968
ck_ca1f6f01868e978f,0.022798712685746573
ck_5eff0208c74ec714,0.02403575200030677
ck_a315c9619a317609,0.048138679908187314
ck_2b87683c90acb852,0.035163799916761336
ck_7cd9f39c50748ed0,0.006641271703034852
ck_16a06d58d71935bc,0.17767886159155147
ck_d116e0e7c19b878e,0.5225833881873987
ck_931510e384b1d0cb,0.013057492988563893
ck_e7651fb87bb24132,0.0031880476042419163
ck_88ef9f85948e1a01,0.004856391572892556
ck_17bf38d51115a8f3,0.0010266849571911852
ck_2659d1d3762a2825,0.0226224007086681
ck_a7285955e2852686,0.015814060254112847
ck_f2c33d5b65b321db,0.016392966757671858
ck_83e5979334345622,0.03099341542118596
ck_629537d8b4d0f395,0.0067394561622340695
ck_72022008a92c9386,0.02351453066720659
ck_2973b8274f0bf69b,0.02183907828311283
ck_565e3418d2f4061c,0.006550511147781791
ck_54bb53b8f8ea32ae,0.9915678623496692
ck_af0a6540ea7a36b2,0.01256530878517946
ck_888651bfc2c8cf70,0.005179425528568278
ck_1dedcb48ac381a1c,0.190577023513019
ck_f73273e220296be8,0.021249213814523472
ck_8424bf65223a5a9e,0.006272728249564363
ck_337b930fd149a696,0.010218018953713092
ck_8a4952de8a123ef8,0.010297173672630036
ck_884168153c9c0c81,0.003232886929780226
ck_fdda581aec411010,0.0018915246142098502
ck_2b7cadbc8b180d32,0.8395446957033789
ck_8aa8b9968233a1ab,0.001620215255334563
ck_0af18b3ce015d294,0.005738887984017044
ck_8dde670a735d1e90,0.24306684479025198
ck_62f46226f244139f,0.04520485472463611
ck_f948e8a8fdd79b4e,0.011899867931535758
ck_fa00aa0f3e859904,0.027832119381222868
ck_fc7935f784a4f249,0.005736242683292504
ck_e7501307c0698e5b,0.027862557561110494
ck_549ed417f2834cee,0.033820622276112565
ck_fb2a35571ec719d4,0.0957105693268739
ck_25822068c86c856f,0.0010958746337745512
ck_8f35d229b62c8f23,0.018817116185675397
ck_bdcf049c1e7d0c95,0.00567852517247289
ck_0aa9db36eb16422a,0.002188508973668907
ck_42dcf92e9e016922,0.041801495629262844
ck_42341cf31c08c981,0.003149796816047427
ck_0b20bfc515ba42a2,0.015739036915850147
ck_0ec820b670d48098,0.001945320532601135
ck_1f0bafec397da8e4,0.02623278487157827
ck_82f07504ab59ed33,0.1613812102811184
ck_337b24a474010abb,0.9966924697599253
ck_703703bda38fdcf8,0.022617168177859776
ck_01e7960c63dca3a4,0.9081019893763926
ck_be5bd81e3715cb8f,0.8667046095032568
ck_197f8058cea1fbea,0.0015088284630403426
ck_eb3fb1106f2f1b21,0.05200802447482611
ck_658b4b54be09a4bc,0.9463362258092967
ck_266ce7ccf41ccc50,0.020679252506129953
ck_110608c3b03d4038,0.2633819220568797
ck_1be8cb95d6d9bbf8,0.002135248495714099
ck_8e16a64a776afa82,0.20193957051102787
ck_34bd190d37eda534,0.025156994008217547
ck_4f521611ae14ae66,0.0030173872000761794
ck_d839798f9520363e,0.26872507316790173
ck_d1bbfd246c0ac9d5,0.02643571540457138
ck_f19030e6e85a6776,0.054649037903477145
ck_cdabe60ab59f9d5a,0.0030579592427120383
ck_bb84b2b30293f566,0.4777660218410477
ck_427b91925952cb40,0.023357299250898685
ck_1078b1e155b5b640,0.014872554593593584
ck_95fdc264eac72fa0,0.0038747896032104157
ck_e35eb857c61548b2,0.9058771962385154
ck_69bd0b1abea7e1f0,0.3640275420450719
ck_59de511b20c842ba,0.02501635708613327
ck_168e7ea341a36b80,0.005613330839852067
ck_4937cfa6526ea138,0.024352862615218795
ck_bb1a981306b750ac,0.05434044626802775
ck_f42a43e4c3f34ccd,0.006197048357424102
ck_c7ae1d4b3ab38185,0.004123046482532056
ck_bd23cf9bba1dd33f,0.05616254297291844
ck_0fd826fad7ec7cd6,0.04764746589642164
ck_f143641bf3dd0414,0.021997318652060338
ck_ad6d48c20a3688a7,0.00267767984999604
ck_7bda5b5b927b2905,0.09390916391800493
ck_a337eb38eefdcc88,0.033093729080842765
ck_403da2a2d800df9f,0.6709572377797511
ck_aa01d5aafde73d0a,0.0021144930679182546
ck_494954023f0eb309,0.11170713095673933
ck_1c6820fc38135ad9,0.01949672454242437
ck_0e0bab173622db9b,0.045579918792046904
ck_547090bf35a3b243,0.013967090857706036
ck_d69455220b21dc9b,0.009769015181648133
ck_90b4ac695b9c6bf7,0.00727010448606037
ck_8d2afe17c0082e6a,0.03204067745287449
ck_926b81c0ba528eee,0.0230117313141745
ck_ce36b0c287bd198e,0.023578797495563394
ck_8026e017909aaa6c,0.007894988609215609
ck_dfba788f35d4c372,0.007588263695380262
ck_f09f9d0e0886e0c6,0.011331158096913485
ck_4ffe0366df388604,0.03371430146161896
ck_75bb521de55644c7,0.015607783501384566
ck_81a960fddf79ecf1,0.9775426319191214
ck_8f43459991ea511f,0.009130724241651554
ck_f878b68d66fbfd4b,0.0023100210345526314
ck_e84abfc0c747c9dd,0.9202674847351501
ck_3ad3fd3cceb56b66,0.9282583024836729
ck_7cf562578c7f158a,0.0028230004624941836
ck_f81a97d350397306,0.020473343195777535
ck_255d87b7fb40caa5,0.013596669193759597
ck_b3905153b9eee924,0.016206462472265624
ck_2c80a592fb4cd6a3,0.002820885946118879
ck_57deb202d4188a29,0.004347009097626734
ck_e3cb5f31d8e94448,0.8485670510253527
ck_0db62d5f7f75f80f,0.023608748124894767
ck_ced9163ea85589ea,0.04200290025646805
ck_e16528edc694fb33,0.9279884341221932
ck_78cc5ec4940fec3b,0.0067358789281267055
ck_31742076e9a998f8,0.02805654639079029
ck_5ac335f02280271e,0.03488467810258031
ck_7cc2e091806cfa5b,0.04951047658230066
ck_3152c7115257f084,0.00418326628866329
ck_ab1b9d019921bca7,0.010895893151406178
ck_c33a762d98f9b290,0.004595286011796412
ck_b16a7c51b6f7a6b1,0.015572600491108453
ck_97402a153348e68f,0.00651274253937449
ck_95391029a21caa24,0.07575759761746806
ck_c2015a1200971fe9,0.02828293636130568
ck_ed4427962c68918c,0.8636964877131424
ck_c5e4a17d3efb19a4,0.6844542620065801
ck_8aec3d3dd51517c2,0.0029159823183642617
ck_f5178a658225d8e4,0.004837172672219574
ck_8594f165e95316d2,0.002390448502941241
ck_f0c4aac04076a6dc,0.03600464951893396
ck_ac2f7397801036ef,0.05247629926202772
ck_d1ea4bcc407c7d5e,0.0045747102924527045
ck_cce8b6657a538fe0,0.013280291410258738
ck_66d0c6d6b67a8d58,0.0050694728802797235
ck_1a6b30320835e57e,0.019709758406653993
ck_8cd274cc85aa35d1,0.030816475227644954
ck_ada46085a78280e4,0.024217261292736658
ck_ce1b06623e4a815e,0.005478020717484027
ck_45e70c8a9686580c,0.06226548607350791
ck_0084d8ab6b1044f3,0.0019127290251167806
ck_a5f7b6fed6df2aba,0.0803721553505774
ck_94940d783e7988e6,0.013830027771026343
ck_00f9ca84d1d8ae7a,0.002399858372013251
ck_0deb56f3f6452818,0.005229890969517092
ck_a58e900469dfc3f0,0.027981604051816364
ck_028c41b195280980,0.012836992860960576
ck_7661d7ceaeb19f97,0.018281131009947136
ck_6957905a65c47879,0.02984048821810237
ck_f7c6c26ef3c4ae06,0.019679353644391804
ck_8777beb11aabd66d,0.016227059152020922
ck_7db098a17374bbf8,0.9386860732615752
ck_66aeb00e44486cda,0.09677176738518312
ck_838c52cc1d315ec3,0.05421174732543258
ck_1745847cd4e5dc83,0.025799850396742912
ck_201687857ec8b3cc,0.03897016225170862
ck_81818169208a8cda,0.04260094106644644
ck_3303fd3f64632c7c,0.10491578931373827
ck_edf1096809e83ef8,0.001408735834050146
ck_235ce9603c7dccbf,0.04727975535136753
ck_9df7e153868bca13,0.0037692496379151835
ck_3cfeade2cf270fee,0.00664974898888112
ck_982b0bf2e2b6c4f7,0.00334287486260708
ck_faeb0da678bb86c0,0.0065975342835835294
ck_e86ad2fe815b6ed9,0.030577386107729764
ck_70d69e5d1bb99e85,0.05715066977056392
ck_7e9a8924eab779e6,0.9180847164324412
ck_019d5891103e7da3,0.008159860883046913
ck_14f0484b3817eda5,0.014936755937200976
ck_85de63d278f0fbae,0.0039327498659859775
ck_ae91b4cff57fb3bf,0.0059228341633324215
ck_2a6d43b9f883b78e,0.33418635291851223
ck_7a4e3d553e8ab5b7,0.299923123776171
ck_fdf89dc69f700f84,0.13043160637334056
ck_f92e04024bf13558,0.0008767219018532803
ck_4a522ca2dc4831a0,0.0010489766874166794
ck_68ba25dc3385fea1,0.014826537177359085
ck_22128a4f0d033422,0.018339869046341377
ck_5b52ee0a13c71590,0.01807271146420391
ck_59472d17debedafc,0.014103266374743743
ck_9dde2c63acda3ba3,0.029835779067150927
ck_7510b1023cd08531,0.018872698885542095
ck_071ddaaf2e4e3671,0.023170252171417143
ck_1355db6f4010232a,0.020058084991826437
ck_0a7adc2f27f98510,0.3788225368843759
ck_68250033717cd59e,0.004588719750474391
ck_7c12de74de30b788,0.33335205608026997
ck_65491367584c730c,0.029459650912081466
ck_e9047964952bee70,0.040442192291587756
ck_5567779d6ba184eb,0.029789117032969964
ck_d6ea026357ec6477,0.0209866918544267
ck_cd7dcc884e283746,0.039665489674724996
ck_0bd77fea8ed75a15,0.0368963211866386
ck_e80883208e8d0453,0.02355536625450304
ck_2ad0ecbacd5acf8e,0.9871187761034743
ck_6c1dbee7e8fdd5c8,0.011689091428285558
ck_ee4d9a7449515908,0.002234371824091009
ck_636111f7f030496c,0.0029382847206080457
ck_2c629c657f73941f,0.010459467609568613
ck_c1c9d3842d758420,0.15117618827546572
ck_e4df7faacdfe8c40,0.028101285655495616
ck_94e8142728e44380,0.03326457577355046
ck_765aaf42c5088545,0.007037282785646086
ck_e0f845159b6e6a4a,0.03504301958091444
ck_5bc07deb82edbad7,0.004093557705979096
ck_713159c5c6a7a4d0,0.9946717391040445
ck_b08afc91d9ca55db,0.03504141419488898
ck_a7bc323ffed2ea97,0.30346567337396585
ck_85ca825f905a34a1,0.022764857163780104
ck_33160c443d4b3f19,0.01512155278056293
ck_832d39c590a3ca75,0.6599305961803361
ck_7d1661a34164406e,0.9018668645020441
ck_c2466fc40fc9d5ed,0.9891831937177943
ck_ed0e776c0926ce67,0.10101747028656423
ck_cdd2ebeec75bfa69,0.15646446609894088
ck_d7877684c7923ec3,0.008339253924938748
ck_7384d4d2406aabf4,0.010581190387851734
ck_b8e5244e650aa81b,0.026041833104390368
ck_25a1ea40b2d59254,0.002183863839311181
ck_b9e5b318ee4de68d,0.008206338945894395
ck_620d7ae27af83cea,0.011924396423580074
ck_40b4e264d1a12b83,0.5981177984626687
ck_b694c803b62862b3,0.0020976072036913663
ck_cbeca201dbade3e5,0.020937583560123884
ck_f9b439c9161c3e52,0.017779506407654494
ck_9880410fcd10a28e,0.0014654950337976893
ck_74928f5f91aa12b2,0.07917645951074248
ck_b6673bbe61d2680d,0.14296574335333487
ck_53c8315b5c30acb4,0.012911913690041615
ck_78f01d78ea79642f,0.023723363049922477
ck_8582490d6e365a63,0.015929626435189335
ck_af25c72d16299258,0.003923918541967428
ck_7905fe8e257b0449,0.13352874581136326
ck_0d16d9349e4a9e08,0.009150933512754042
ck_31b16b8848584e98,0.02017383227391321
ck_67207e3eecc02d76,0.0637983142673137
ck_e6b95ff91116a592,0.004256089217431642
ck_c08f622bcd6de6e7,0.00838825017594537
ck_f9a68da9e0f0bc85,0.00600904310702779
ck_4072b59388976896,0.018476476516543328
ck_8ec86e853ad52828,0.05873928197676326
ck_4fecb87eaffd5cb5,0.0037867059661837233
ck_d6880578428b965e,0.14389041853891543
ck_bfc82b3c1c9f2897,0.6221235693929277
ck_c340644176ca03e7,0.027724173082496497
ck_321e740066fb05c3,0.48780267244423114
ck_8929d2eb09872052,0.01470983847435733
ck_205c107cec528414,0.19110846181852129
ck_e76db7d2562f9836,0.024943703958193484
ck_9ede51c8434cff6e,0.021393234047951622
ck_492e4b89c61b7b6c,0.013452741130632861
ck_9385f5a1eeebefcd,0.04117171030797912
ck_ee52c7bf88f952ab,0.019165016231947045
ck_d8116c34302021d7,0.0013973581861144878
ck_01645ea51972e99a,0.018824369280845483
ck_7b45ed23304a854b,0.013888589362965508
ck_2096d32f3d497ea1,0.1367219659649602
ck_dfbb2056f1ef7d3b,0.01120149232792583
ck_938ce30c864bc7df,0.002281865751384186
ck_ff30dda2c881a4bd,0.6241253404665229
ck_f88c79186a082beb,0.011977752049882481
ck_08c7bb0f9851cb76,0.06425490014635592
ck_2675e7a008e584a7,0.08166280867324406
ck_cbaf8a954281d4e3,0.9283369533553469
ck_8b24eadf6c72b30c,0.6422077483146557
ck_ffc8e3c1377d0706,0.0034634804227173716
ck_5b59e859bed5b40e,0.017976214434353904
ck_7b61717f172f9317,0.9695712834806458
ck_e5c30947b732f661,0.13879077904170858
ck_bc273f3ce79f7e1a,0.009342348368286468
ck_f69e93388b3028cb,0.09025834400755459
ck_3837ad850996ba60,0.02025314207407389
ck_36d78ff3bc033ee5,0.014806484208496382
ck_5e20953547ba4135,0.11438159276370886
ck_258d661e450ac870,0.0062933931638126965
ck_1df66f537496ca59,0.019726260455201632
ck_361f535599110201,0.0044916906051786455
ck_337e98c69f6e7886,0.009396288003717706
ck_d3d5b2717cfc3913,0.04930750472074422
ck_b1dba768dbe7affe,0.04363965769112427
ck_92d782bd9ce0d1e3,0.02431737242990597
ck_26bd0f8898afc8ba,0.007871912138212329
ck_7916e53daab36745,0.07199891938357861
ck_2caf553b31831a50,0.008262838728362996
ck_c6200734c7f9b2f9,0.9364639367338751
ck_cdc55623cb16e6a9,0.00614573132475926
ck_57849e15b61c43b4,0.0036813208574194563
ck_b7af9b2ee0eebbc6,0.01598694230057518
ck_00aa5fc3b3bc66aa,0.06139894967814859
ck_9929723f65636c7f,0.9825608085973718
ck_8f6cce9f69912983,0.010606386195556898
ck_c422ba389ff00781,0.001101473394966758
ck_9ec7f334604a228f,0.1317696120787417
ck_5d01200ba3341462,0.017626769481406852
ck_2bf10be403849c9a,0.01701600714762859
ck_6ca018259f70858f,0.00409583711942427
ck_a54dc042ebb7c766,0.16550761035130063
ck_79da63fc100830b5,0.034190360411746896
ck_67ab6f9e05c85085,0.04173712989759156
ck_fa80da579ea9afc0,0.005315193268729017
ck_4339f86c87289222,0.4587588616667964
ck_a2299b4f530be0d6,0.627574208571534
ck_19db0bf788697c2b,0.02206525212441964
ck_fa4211c4d826d830,0.0019664303151974427
ck_96100d5e8e051e91,0.002606750242823803
ck_5c3a671883d58b3f,0.001838401000098202
ck_2d9524787cfe1ab3,0.20617069919384987
ck_47ab8e51e5b3a2d8,0.007489484927334448
ck_c924f36bc1bbbaa3,0.003420388818788071
ck_5c58e7f8fd55e26c,0.0032708996754177272
ck_a07e7409d6d5aa06,0.02344554932546976
ck_c8413898f5f7cb7d,0.040647271963660817
ck_577c816b41cab002,0.8917330926319993
ck_9f7807ed64cdb728,0.23457026583642432
ck_495d814d6d6d521e,0.0013160006094886996
ck_7aa8bc018c2b003b,0.003977842892640098
ck_7c3a6a82f3c3241d,0.015851763036272604
ck_487f7fbc290e4ae2,0.007123872360074659
ck_e556c4d36aadbe03,0.0018704639421750116
ck_7e6569a1b2455cb0,0.0034812872576930258
ck_de2924955926d046,0.01955556996309358
ck_73d60b4630e3937a,0.00584451561750316
ck_805ee564bd35ef15,0.10542970793640712
ck_0d40961e47797027,0.006073812427471503
ck_f06d00a4f9c87d80,0.0034172692564723127
ck_5ef50fb07b6737d5,0.01233651268244165
ck_16541fc15683e21c,0.006434742448649293
ck_09fd43f1b7e2eca2,0.004703495240414171
ck_2a2c336a69b8d68d,0.01888856392459472
ck_2685f38930866af0,0.07304237057280111
ck_298278a9da874437,0.010896228538086946
ck_00bd7803f2530c68,0.0192112933293545
ck_c2b4a1d8c0b6c1cd,0.0022534280855323555
ck_2acb54ca20c3af6c,0.06402416678336235
ck_e3d4b6f681c783ab,0.07735968503994503
ck_f90293f1eba5d7b6,0.060967278043855044
ck_e69d27e8965df0be,0.0013379689765081815
ck_b7f5d10b427346ad,0.011468106372680892
ck_1ce20e4223a936b1,0.015567188715084238
ck_6b97d1ab90f6bdeb,0.019308220449610343
ck_e30e17db5473c7b2,0.00162776194325934
ck_154c8efb19dee665,0.0037154788183705453
ck_6f5bb0c930644cae,0.9981551162041259
ck_9e17699baa83d173,0.0023217594665060097
ck_9693b1eb70880205,0.009900365253024667
ck_1e97899875bb427b,0.019380694397423476
ck_558a82590f65df69,0.004096349177117587
ck_18df83242ff3cdbb,0.03238899166682509
ck_80ad4396e1084c68,0.08698874415356045
ck_0a993bc947bab61f,0.015197625298766757
ck_5c2d43ff841632f9,0.009615882327249949
ck_6e4b99fb9725d9fa,0.013076401872248676
ck_e0983999ca26c19e,0.04034397065888811
ck_6573c4947cc8607e,0.0515547527412949
ck_d879d645d6e44207,0.009521333133200959
ck_1375ad9f10688e4a,0.004951684661735409
ck_7501ebbf4e21f160,0.00536878827002788
ck_ca60d61cd4dc3bea,0.0034973443058348677
ck_ab9ea095a5c58b4b,0.007833642048957545
ck_23756522b58df5d8,0.006777836623092859
ck_90bc176c43d85fd5,0.22741211530011066
ck_908b663b2dda94ad,0.09508373614933788
ck_4df2fb8e4b649e27,0.005934304710602831
ck_5615c6bbdef05291,0.13976293380882832
ck_b62f3e3185251f71,0.0010309154989170146
ck_38d1a22850178f33,0.00246101977402638
ck_5b3ba20c8bb1383b,0.01481814818112832
ck_5576ffc6aaf6f22c,0.0018034480780822898
ck_cf7a022178165e56,0.003393599287124206
ck_f2c7a4c50e2ede96,0.007948058843316464
ck_285719c77eadf915,0.002764138698860393
ck_f2aa1b677619ab19,0.006334552533049089
ck_3830c58d841e9e69,0.34948358460486895
ck_32eba3510c8eac5e,0.01987275911668593
ck_8955d7b9030d5eb5,0.02383551926502656
ck_6775e387dace7525,0.0680699168775722
ck_0a0cd7f4be606a93,0.03642197356442219
ck_a9f700eee5d638df,0.0026774344929359753
ck_3d7db96995745472,0.041272523303126696
ck_aeed557007d52e9c,0.0010602618579180446
ck_79b6a86830156b5a,0.0143617218912194
ck_6a1ff9d69466181c,0.9958666297442531
ck_f11b1565f986f5e3,0.010484366456133556
ck_4819327a78615485,0.0019568872427077532
ck_3ed9e081959b2f5c,0.010076635612462775
ck_16af4be191c47d3d,0.0008516291804921877
ck_25122cc0e8b1a662,0.06058348948947304
ck_509c22828d467ba3,0.06772537610789954
ck_31109c899336348d,0.003290357725137663
ck_c51131e53baa59c7,0.005790656941816398
ck_cf8ecabbc61d3e11,0.02781486602677353
ck_eb6baff0f85ba936,0.020832984460697614
ck_777669e2243204f2,0.8405270946015054
ck_ac0ea27e692acdc9,0.029918094600364292
ck_4c6ea04ce8ca9e2c,0.004939875662896676
ck_ca54b32fca7e94cd,0.004922087947207726
ck_4dfd8947f540eb24,0.011956401194601122
ck_95aff1fe27fb24bb,0.015347164529004061
ck_c7550723b90e5615,0.003969133055918772
ck_57b3fee69bdf85e8,0.0068153219484993555
ck_f823407ace7ff064,0.05816342156303966
ck_a69084a068bcc8aa,0.10667383890727007
ck_c7b17f7b24bef5d7,0.02956665749018609
ck_7c4e588f927c27c8,0.037354031351835015
ck_77fdac602d0c6f95,0.06643941156501973
ck_e963d8525018d072,0.016431289460692125
ck_6e8ebaea8f7bffaf,0.0007631047450277948
ck_aa42976a31cb7770,0.0016733453793493576
ck_22c862a496008c96,0.9947958051012815
ck_527550dd15f38782,0.03797135997010331
ck_b3ab3c210e2c7c19,0.018560502275945242
ck_ed9c56fdb9f45ddc,0.35862065818066136
ck_b53281da70defcfa,0.013788254955643762
ck_03009b721568ee98,0.0333718470711017
ck_3d9afd862b3f4053,0.4046688854054467
ck_ad3c4be96599554a,0.008864785567633145
ck_d1c787c27d50af49,0.0330371546729969
ck_c7a9c7b2eef46a99,0.014390337503235701
ck_53036d3c6c74446c,0.20794444145156887
ck_1b1efbd9c0964c8d,0.014850622114137568
ck_d66f42a269d5c1ed,0.05987130674654981
ck_fefc49a2b8ad993e,0.02134845602326179
ck_8b3b874249adece9,0.03208074799529105
ck_193d9c87ad3f1dad,0.0020708966468089857
ck_0c6a50d747593b7b,0.011086341599920608
ck_c830f3830875b47a,0.040114143100200374
ck_79e202f06d8dfe42,0.02627582619761282
ck_5c0fe988b8aa7fcb,0.1293203844924616
ck_a8382d8345f21e1e,0.00722644094602882
ck_8cb20053914692d0,0.04797249735683106
ck_1da2f69023ca4c13,0.0038748557295718885
ck_38abb60995114f8f,0.04603002523586964
ck_f5791fd8fd8fd191,0.04447257307285962
ck_a4e6fc391b674335,0.27557727526336223
ck_bd771efb4a7e15d0,0.014406279164730676
ck_38ba4a6b6a292054,0.021146536200973138
ck_f7a07283345a0dce,0.0041991765865646395
ck_87dc484baaf5a23a,0.002663442721965712
ck_c84ef83489badbfd,0.07328013568219847
ck_a397cd64ec5d644b,0.006604838675730216
ck_7977135c2ff61e92,0.006771861717228285
ck_52174855b243a8b0,0.14311640646777576
ck_0f35e930d0614613,0.9964176167885366
ck_b170a7db522a0d6f,0.01435571783027786
ck_7af748a23775bd54,0.15726037097870213
ck_52f641c9ee6fda70,0.004821465516824354
ck_c3719a30414bbb4d,0.028902293282965622
ck_2baf214ad6bc0dbf,0.06792749580262819
ck_8b39d8aacfdd72b4,0.02443037886675975
ck_d39b0152116203be,0.010937346444266628
ck_ed33f8a937f9c7c8,0.005631907145251947
ck_8ef97b55a5fd6ec9,0.0010583456412270205
ck_8247f008a14bd1a2,0.0015536885277690328
ck_f0d349d68249d5db,0.002374257158395
ck_a544e766540861fc,0.014961174735963617
ck_9dfaca4c7c80b10d,0.07191653831884527
ck_7e5401c362b2216a,0.0014070906121428156
ck_64ff60c073fdb6db,0.026854972878113736
ck_fc5ea49518e5d637,0.01569308331982603
ck_580f136ced341298,0.0033548971369393274
ck_9cbef9bc95449dca,0.005938394960490899
ck_e475a3b8ba870a7e,0.010871003361939718
ck_97e94708bcf43563,0.014601707501402135
ck_13f03ec785cbdae1,0.0008665431553923043
ck_152820d8817f478c,0.007215741084340701
ck_d20d4ba60eec9945,0.007453744864188969
ck_5c45968a805132e0,0.023778275839270897
ck_bebea2cf3063fb24,0.012862582682629681
ck_c3c69aefe7ea1d2f,0.03772064887969924
ck_02028b72f26fe855,0.02151418898851454
ck_dfadff70a58a9133,0.002128084825184169
ck_6482ed4491bedcaf,0.004330383301858968
ck_754cd7b4a5ae3f94,0.019815413625125216
ck_3132857aec8485bc,0.0015223394897617344
ck_7ce4ca91b8f9f1c1,0.012441387414295608
ck_41938582f4351772,0.012727919726606056
ck_f87d66946252476c,0.24774970544105868
ck_8053f1879a9b4e43,0.004097349788615051
ck_93892e91387f5103,0.015624901933702308
ck_15254db133b28371,0.044586242023116326
ck_d557b9feb241b3ec,0.0023813193173346453
ck_71c3a8e4c12c989f,0.010026671983696453
ck_80e3041811033443,0.03004622540418147
ck_3380d60067b4634b,0.003651367387393446
ck_a9c2cdc758df8510,0.06088851818911955
ck_3c0031d7514da17b,0.018359186358367453
ck_18d214b1418be39d,0.006445361894010209
ck_7ce768407fd48321,0.024294791199614328
ck_7a50abd42298133b,0.015400482879530948
ck_2db10f987d137582,0.018954616655121773
ck_e077d004cd1d80ae,0.018516508296158203
ck_1cb6dc67f9a321b5,0.2470457428785881
ck_b864f64101149c35,0.07968714470344197
ck_9bedf54df9418e4a,0.0028403798977805796
ck_c47e32c47f0e6578,0.12836113308228972
ck_71f382d5e338daa3,0.006032086225497361
ck_14b4bf7be6ac2b61,0.08703603968943054
ck_5c87eea1cc07cc92,0.027131253137236383
ck_5f445182829ef342,0.038853503727040405
ck_a5d7311291caaa54,0.005420135847743243
ck_b7df99aecef385e6,0.03234974071689487
ck_3327a0582407068b,0.023039836471932335
ck_08dba09fd7dab896,0.022441231667886946
ck_f4ec334be5266378,0.0044437800249874536
ck_240f7f894c5a86e7,0.015389367679952725
ck_a9d994554fc14a02,0.0005368706211537068
ck_13648cbd306eee6d,0.013734690644006061
ck_601edf9105b3c321,0.9653667611614548
ck_9527adac182abe57,0.32733707116289895
ck_4e0e80f5cc271bf7,0.002586003578275984
ck_96a89e720176b389,0.03871814193509891
ck_63560eec94b76d2f,0.010517767358051966
ck_c9c99e5b19aeced8,0.0019897706568597602
ck_bc32655ee5ed643e,0.019752349446679793
ck_edccb5a93b741744,0.014929695164309044
ck_f786cbc987b70930,0.005265748276650121
ck_0e8f26536ccc8947,0.02077787171614378
ck_b87ef4b98cfcec4c,0.03599045227671583
ck_1a9235812de4b2c1,0.016018387715376087
ck_d1ed88ea4211ba4d,0.002119905221936173
ck_a4ddac49657a4450,0.019081292568126938
ck_d9ffca35188e49d8,0.02133054242387909
ck_3db73bbe03c3d240,0.0033121083436615413
ck_fffa0622344a36ab,0.002864888881894888
ck_148c28df51bba5e9,0.8752333013735699
ck_076cbc25c8f15fc3,0.9633205476783268
ck_e5ca550b39ed45bf,0.7753157616265435
ck_8dacf3a2061ca17d,0.06005236965157515
ck_2d7394afd61643d0,0.002528322888137052
ck_e42206e91f6a1752,0.003278337848360682
ck_2f4f94827984c426,0.0012694686917323445
ck_edfe8e90e8f4366e,0.006030392561406305
ck_646b15f753e5e9c6,0.06663887506590552
ck_66600620149c8799,0.00334433528413133
ck_4ff6fc70bccfba96,0.3163753424826118
ck_41af3729590c2484,0.007079633960933198
ck_920a48ba8c583e96,0.003960530570101529
ck_0253b3e7be021306,0.0025487683089684223
ck_2ae6949246ea2648,0.016891957907717945
ck_db23a5100f338d72,0.014138991606623857
ck_fcb2a559474c3493,0.032361048598399444
ck_0a4d7acd2a53cbbd,0.010657363256032292
ck_c5d62b2b7a6f3bac,0.9311225590014953
ck_cf59f4fc0ea690b2,0.0023969525066925663
ck_837be8126bb19250,0.006273407285710377
ck_58955542edee1adc,0.008831638723545598
ck_1b93381d8eea58d1,0.008911192726107084
ck_97b8e05d62abdc14,0.03524416586520252
ck_71a0d645744302a3,0.015304268638810249
ck_a7b57882ab66b111,0.0027197225954113382
ck_65f76421be648549,0.03828250632221916
ck_b53ea8713d32ca7c,0.046120769991553116
ck_991c4c924a1d85ff,0.1650792925983006
ck_8432ccec1a4ec7fd,0.9494802200826354
ck_64c1633297f43788,0.012014213603173278
ck_4291fd9c1161d8e1,0.027990962042107638
ck_5e98ed6391d9f429,0.018085923322142695
ck_c7baebe4549fdbb4,0.03139358746890151
ck_6e67225ba59fa5ae,0.14023197514455452
ck_719602def4d35fe0,0.028046674248482072
ck_bdee7c86f5ebe81f,0.014777369127410404
ck_8de38f8c7f91961f,0.047290700946130554
ck_b0b5bf9254700402,0.010046395959260853
ck_7b55d9bb1a250d4f,0.08474363971599959
ck_3954b7b0fd1d6614,0.000812381221196509
ck_f29471fe7c818d6a,0.005233543861995657
ck_9e65a8a2f587691a,0.014940132865705415
ck_eaec5f1a83b66eb0,0.3267293369790958
ck_004fe0daecbe2c1a,0.0034767942266122963
ck_d17653a4a2d4a79e,0.028682788340701693
ck_0dd417fcbf19e424,0.019589277387242095
ck_4c99a6eadea143e2,0.2097694538733717
ck_74d602c907ee9119,0.0026478719125130963
ck_1aa87cb62acc0ac6,0.007051522760900126
ck_094974d75e29fb2f,0.14487757644136726
ck_5ef935ac3d4d3332,0.006113884186654358
ck_b26e4ae47c9107ed,0.10035548342887926
ck_396cea6f95186ad2,0.025965318157681962
ck_48446a9e8184c7d4,0.002330802765754187
ck_31e1ede23247d56b,0.2515648045717442
ck_7afefa349b960a3e,0.027525199237835717
ck_f5e02a3432571b20,0.03749390959670443
ck_64eefec062592c43,0.004943783718491527
ck_a1201284122c141f,0.027161227437043665
ck_1b34c420a4c85a95,0.01751015677220665
ck_d637a011332ba67a,0.024903128432886328
ck_99c0004d8b7079f8,0.003001541142968346
ck_948517bad569b40f,0.10091962365609786
ck_a28d6b1601b472a6,0.025976209073991365
ck_a0b4209feb31f5c0,0.9966750054846256
ck_d6d2c1f6dfc455b6,0.3338735036059348
ck_3f9e6d356d3dd3cf,0.0032013543617428254
ck_d08e00c842b75176,0.014853322736157413
ck_bfdd232a7c5f2660,0.034843934826376814
ck_2cdad03ed069438c,0.019028470833292246
ck_42317c3eabd0a285,0.2351233277908965
ck_3eb73e56751c704d,0.029697949212365755
ck_ef33c04f4c9e3758,0.03587570547548931
ck_1dc23dc870f1773d,0.005984537635457944
ck_76091f357974a152,0.006228997012092264
ck_4d9eb75e8eee90fd,0.043625289241545455
ck_578f67e69e5d2cfd,0.004157624597400661
ck_3a8ce1cc724229b8,0.0033673557758415185
ck_a96887f841e80fc1,0.032925386805812716
ck_d2d4a8f4a9f2c33f,0.0057144858502310054
ck_11f85bc705dbe036,0.018654111485482648
ck_7429b3f87528e335,0.010360287283031318
ck_26df74feac7ec51d,0.013843995839986935
ck_c78b2638fadd91ab,0.016926801441854385
ck_7eaad325abe3b50c,0.002589344595037916
ck_fd44e34af620e606,0.02223921736831677
ck_f99738dff854e25f,0.003908082603791799
ck_1ffbce3a239bb264,0.0045567145994628066
ck_96c7d52ba0a766ef,0.054204203924688894
ck_cb1c00c300af3f9e,0.010653877074032009
ck_ec3d12848ced99f2,0.00630526702812836
ck_26cfd7c3c6c7bf69,0.0380199653240825
ck_7ae86b5a885affc3,0.022881662214743706
ck_3edaa94d28cd48ea,0.0043352681423821145
ck_3209c530c9812e39,0.009568654325775213
ck_ea62ebfc1f04b49a,0.01105820481918947
ck_5fc90b4668ea81bf,0.025454770945346213
ck_95654593cdebd141,0.0014564207892607556
ck_958c0bd61820147f,0.03166300338034515
ck_8440ef1386c07194,0.005237635734808989
ck_8cd1b68dd74b1375,0.30985423850985994
ck_c9eb4df91ff07f2c,0.09082161883912312
ck_c29489366c01fe65,0.8074614530879285
ck_c965fd6bec0f0ecd,0.055518687284279215
ck_84c402b23766e1f2,0.01398636075626236
ck_181f3dae03b87136,0.03441834982212458
ck_022a8ae79eb28cf6,0.9574631129608728
ck_469c17407d17b706,0.02689790046744063
ck_1fcc5843f39148a9,0.00448068913830722
ck_5debd55f361b2ddf,0.0023199746024271735
ck_28cb9b03e89263f1,0.0020949794726667402
ck_f067470743d3c7a2,0.05246730662809476
ck_d5d225ce41a1a762,0.02309650074427003
ck_15b4840922195ffd,0.02173682869192362
ck_6bcfa37c717f19f1,0.0413419236975435
ck_8d501a0386c66be8,0.2594345126960267
ck_1a9d6190c57ea7e2,0.27467008493169365
ck_c49832eabdac5bb7,0.006641108132231456
ck_b4331140b2e0d4aa,0.011692350697182642
ck_5efbea1befdefe1b,0.25129973842319214
ck_72ff52c4824072ce,0.056173313817605944
ck_ec3715add8bbb6e9,0.0020290138336155235
ck_9822f8ed05335741,0.014564737707207565
ck_c3d7d3d12a1981a3,0.006259415296406105
ck_a115a7919ac5875a,0.051183211909082434
ck_4dd4ed23e0b927b7,0.07689456209643619
ck_4c76efcc1ee6762d,0.013804957535086804
ck_3ad6e7bf452c9b21,0.03248076471940448
ck_dcbab304b55a42c7,0.008023286019773822
ck_24b53090faf722cf,0.004682942048552905
ck_187317383400491d,0.004412723572865175
ck_e07fd57565c94c28,0.06170293322336107
ck_740e760fdcd27835,0.003164644855936117
ck_d3796aebda1cfed5,0.7925881265034365
ck_e541967c681cb929,0.013747241878365814
ck_431118050b834dcb,0.0008526201183756977
ck_90f3655f0c8a0074,0.0017223837055217403
ck_13cd943777651aac,0.02485703214408643
ck_66accecabf3901c0,0.019618388809371657
ck_937f0da2306b2eb9,0.0026776692182720455
ck_105b0c93573fd5b7,0.07669967598623711
ck_00480407160e0743,0.004929718244406275
ck_e032068be7b77d15,0.10957717932483017
ck_991b7dfd69098320,0.003105873816609277
ck_37d47cf0f34574a2,0.00381768307178082
ck_011551a596544f5d,0.011696702017101972
ck_9acd98f4fe2d474e,0.17046682340726713
ck_7c88d3d377bb61bb,0.10991716257066404
ck_e2374c7136c964fd,0.06813137186419252
ck_2fa8f2577116e9ca,0.06869182472806641
ck_d07c5b0321c685ea,0.4993019993774708
ck_bc736114a31088a7,0.0225532343591045
ck_32bb42f9bff197f8,0.009364459696509127
ck_66267bbad1f1415f,0.9765906661581322
ck_19988702ccd79201,0.010214069792351869
ck_f473a03fbcdbc4b0,0.006122735822360522
ck_e3f1d85fa5d49396,0.013488461577862019
ck_c4402ea6291df271,0.024096725258780913
ck_243bd5ca8c4ae5d0,0.00361035787265152
ck_f271e855925e8d6b,0.2003169083843609
ck_e424148c6f2223df,0.0048340296405477
ck_e4d0a9e1102a58b5,0.00400392059372982
ck_91c2a5fe69b9b1d1,0.01679102951905803
ck_5fd8924732fe403e,0.11308591760638997
ck_9a881d5433126ada,0.008915386912784477
ck_73cab88b29c7845d,0.06392965814066173
ck_5b5dea6476d4e182,0.010924580185320373
ck_ccccb17d2ca6ce94,0.08382051070754687
ck_cd1dc68e441222b1,0.9902038409214062
ck_8312c49b1431a406,0.014354755048138776
ck_25fea39897f2a559,0.012406046861015357
ck_f56200205280bddf,0.05043139929779085
ck_7336611650dcc088,0.0013445676891964977
ck_590716322ff147ae,0.054985517468664376
ck_c82364d87875a1a1,0.009942963995994527
ck_fa4b60387d744fc5,0.006884584362762153
ck_d841eba8906e9a15,0.00617577036559865
ck_d6df562a79b9d0d9,0.012139382334917783
ck_59a14d2564193101,0.03308355153064973
ck_8530158e3d7f59e7,0.009292456593578458
ck_ac68d707006c12a8,0.026026772763185525
ck_976fac1bb3dd8c58,0.01773277301228151
ck_f854fba8f4adae3d,0.02165486688035168
ck_b98e9c3ec6e7d1e7,0.019524276428929354
ck_803c0b4cf9d4bc1d,0.02915986548775732
ck_76997a33c3ea5107,0.0013449733114720983
ck_f1a9d832b700bda1,0.9493096814269292
ck_2bd96ddb8c323d63,0.9519221694605862
ck_9e5b7acf51b1b743,0.062313124749584795
ck_09169f22194fd6aa,0.055282193925263394
ck_6d69e092f9b0848b,0.014520474992351665
ck_9f83fa5a2d3b9049,0.026293138346854865
ck_57bbb19eecb4b87c,0.0024082346077625356
ck_e0e9cfabb979f428,0.012761371664733678
ck_b1ff9edc51d42f97,0.007665147728180514
ck_4682fad271d47eb0,0.9813931829022512
ck_ab33fb754c818ae3,0.023206063095419293
ck_b456f62b80e21557,0.005225493570400433
ck_16340be3f2a7fffd,0.0024068381611812963
ck_ce66831f6611014c,0.03488061917572304
ck_4610a073bb54d1b1,0.025179280619353435
ck_fd038a7d33a9d6e5,0.0025929347156119584
ck_c8198cb4c461304f,0.023076169413012847
ck_1e7de58822000dea,0.003072177931851168
ck_b2a79dd3df560f14,0.04120583116553876
ck_74a06f347b32347f,0.01607882581811889
ck_c6fdb2972417c9bd,0.02010185065708852
ck_d7607a213b800bfb,0.05131697424416253
ck_df65967b8b40319c,0.0016449613775387417
ck_329a73dbd585ee09,0.003804000288948745
ck_74991a9e85c3b07d,0.01964986511160285
ck_bb76609b79e0bc9f,0.015921179540021434
ck_f7fc1bd0b9ab1fa4,0.013846799500714917
ck_d111c98b36bdb791,0.0030274930127119704
ck_f07e27d125497b66,0.034950805558141264
ck_093e3a7134e11d6b,0.011793791632643573
ck_862c7953bdea48b0,0.01082165240339525
ck_392cf2cdd515c34d,0.015235865876896806
ck_80eb91b0b4001084,0.046013379335398286
ck_5923f53b77193a58,0.07734625688653138
ck_8049f5fce32be185,0.7816173858712739
ck_ebc5a2c6cf88e252,0.050549616835850734
ck_9ea5872f14cce338,0.022860168731784685
ck_f7fbc95ebf584379,0.006973067524986843
ck_bafe82c870356706,0.9716232797386022
ck_278b36c5932d9bff,0.008845791080454558
ck_6a892dd5d05c1649,0.01406912820207168
ck_0734fd90b2cabd43,0.013517344846931099
ck_9b552204498b6762,0.024259920488667177
ck_f6c909c205767956,0.02088376900423918
ck_32f590e87bc3d715,0.0008914185556732302
ck_66a8325f28be7562,0.0022103011387390563
ck_b129261da9c3c3c9,0.0010250818635057627
ck_a524071c51ddde20,0.020326631535518537
ck_ba576d6d4cb6130b,0.2410405761473415
ck_8d8226520722af78,0.09922367485879907
ck_c5b0f0d4f1655a20,0.03987223896127572
ck_61814ae9b6d8eab1,0.008543779108070826
ck_382ebf136f7fa337,0.19158271070783664
ck_423ff4ede6a9f066,0.02453013742815438
ck_546ad962d04b7de4,0.7953691395191157
ck_9473ea4a01c95f9a,0.02528645498244532
ck_9eb1da8cd35a50ce,0.012170871289588141
ck_de5eaa2cdbcb67ff,0.10698353398002565
ck_537cc97d0398c922,0.08795244191084955
ck_998475a2e4dfad4e,0.003570654332911267
ck_e62eb708d2688fae,0.011144517499701348
ck_ea623358f704daa7,0.09343491848850367
ck_b911a09f328dfd4b,0.0034554735872914396
ck_4b3506b624e5193c,0.031189701186632855
ck_448456f96788713b,0.037703042965732465
ck_5d5ef9e75f65d076,0.019395985231884516
ck_3b74512f774a6e5a,0.002376960824418139
ck_a032e8ac1507c6df,0.5956034261495418
ck_7e2d6b22a0ae20c2,0.184245977682044
ck_d80283209c963f11,0.018833577460803316
ck_d1157eade2ac3975,0.062105744885500906
ck_be48f583f79427f7,0.03178864442901197
ck_0027b5d4107d65d8,0.08829323702871428
ck_94fff69584dd3b2a,0.029778089700245043
ck_75fcda73f0b43557,0.016319499217711683
ck_a1c78972e4ee4082,0.009820684453015592
ck_f0982bbdbd122f91,0.00533795513258853
ck_3199b471575aeb3a,0.003931499566017456
ck_7fa947a0b1c1cf74,0.14926760890101157
ck_a60c618b7f0e4252,0.014728082874222146
ck_722ac47c8ac9b6c3,0.039738042713919404
ck_d44dc3839a195c8a,0.2914719015096621
ck_a2c3e82fab520483,0.022673392150654618
ck_6f8ae0319c07cafe,0.0028693622375330955
ck_49886ff1e2c759d6,0.032151259890661664
ck_150a1108f936e6b0,0.007456029374964482
ck_e21f9f96f597695b,0.03447933698549066
ck_7297bff2b7fdcbc8,0.0012409955630904093
ck_ee949c71f4f702eb,0.9777011619639302
ck_6fc37dea4b4f35c6,0.12218485648489831
ck_e76257caa98dc25d,0.9669966131751891
ck_828eef2334e17b3a,0.017640098864065767
ck_604e1b8a8c693aa7,0.009670732118445019
ck_7743c9fe037d1f9e,0.022963940842439197
ck_864a11202e19e812,0.1267108736031763
ck_4ec040b9e3785e4a,0.0026454467650238417
ck_7346e4f820d9c00a,0.9045876578941433
ck_48d4d63beb26b623,0.006269190644591779
ck_c423aa6de3ed1e01,0.004832873652233537
ck_d74b2ead8aaa3f73,0.006209802625139208
ck_1dd69a11daa7bf1a,0.07463622536302687
ck_d9143e236eef177f,0.051689880011990166
ck_f790d91e5ff0eccd,0.24802374432713875
ck_69b5620e00ef5dec,0.0008180902427749227
ck_cd32e58e8a1c0e85,0.03485735668747883
ck_064013b0957d87a5,0.9707835901846301
ck_a481385c2e60dc4a,0.0008652639203887981
ck_d72035cb29db3aa4,0.014991953245535674
ck_3759939a0205306d,0.02287399079490755
ck_f437a53fc832ec95,0.7705727798712
ck_260ef2f3e6434819,0.05558315288968174
ck_35e411b05d22f663,0.03900136267799303
ck_8bf46e472f3e20de,0.08318592288119615
ck_d546994fc5d3e9d1,0.010869626890904477
ck_6ff0fc7487e737e7,0.29602456339563477
ck_5c67f27816ae0b6f,0.009244530657990043
ck_c5517923458106ae,0.007912121032463151
ck_d9735647a6b0b0a7,0.7147745299103933
ck_541a734fc457246f,0.1012285865765409
ck_2f6a639468f41043,0.009235954651866654
ck_bea2cf7a6b7bb900,0.0046274385499489356
ck_7eebd0e6ad6c070e,0.013082735496919675
ck_b64c87d5e3b10e6a,0.9837778568866495
ck_9dd7daacb7833233,0.045090622982937596
ck_396e9ea9a6c6d7d9,0.006911565496935557
ck_1645e6cc53fa99ff,0.08039271226500004
ck_ea2a83ccb8d57490,0.0013900705134337816
ck_e64f0df63e1be595,0.01891205541513123
ck_fa0b234481cb57d3,0.028560834072904773
ck_63379e3c9fe6f711,0.0824821762118625
ck_c67f7944896a0310,0.027740291163474536
ck_c10e54c9db29e6ef,0.9892014526643107
ck_7184ad7709ae4c80,0.029807743865959923
ck_f8b6069d7577fde6,0.0019329542915331522
ck_18444be153bac1ca,0.7462937428135061
ck_d0982b4e0e118e4d,0.023430193951660155
ck_6faf3e6820398866,0.04361545188712669
ck_97e980463aca4644,0.002513452704535017
ck_630c835243c66b19,0.9902925509315434
ck_fe429ba3e1aa0e4f,0.008847953425321726
ck_1058129ed7b48c59,0.02135868960502232
ck_04a1a46f07885296,0.013012853505408746
ck_f01e94331067edf6,0.007374656834761993
ck_77b2fb17c29f5e72,0.007804695388036474
ck_4f0c5857da45fb28,0.06972720060336124
ck_2cfb9a7775e8a5bc,0.9820108364012582
ck_6846100e43659bf3,0.002888740028673825
ck_f89719a854fe11d7,0.03715448126268314
ck_bf47375e41ca3bc0,0.0016113179711962752
ck_2770b0400a7bef08,0.0787189110533367
ck_2a09d142de1c77ff,0.02453502310276781
ck_857a1f5547b9ad68,0.03699964456653826
ck_185f15b1523bbcf4,0.0024459881867452296
ck_ab2aed614ec1cdf8,0.018553731215220883
ck_a9e7f3b2d5dfd97b,0.004760599514295435
ck_0eeb3d9b3e697edb,0.025607626893402943
ck_fa5830d81bc8ddc1,0.002860290281434001
ck_231ae0329ebc3220,0.0345727087362362
ck_1587763dd54688c9,0.008766239090416178
ck_9f85fea4490c00cf,0.021736446286345672
ck_a2d709e7eb91e4af,0.047556313580578415
ck_43637d28c7216453,0.003397731192228867
ck_f3ab5dd853d38252,0.03896595939834918
ck_4a1f0172d3bf4fd3,0.00391205861009585
ck_517620ca16505af0,0.009336306893253838
ck_9ae904fbef56065c,0.004157410093152085
ck_d5ef1f6e34bb35b8,0.02427993807690747
ck_ff42557857ae3aeb,0.0048746588369953225
ck_ad9a18f58589faa7,0.0023813114642865607
ck_df1a6edaa3e6b271,0.005653140177763215
ck_99021fe7225b5a68,0.060005573467670964
ck_99e52c3c2530b69e,0.991885538489394
ck_3a4811dc4a1a891d,0.008816433611446342
ck_ba3a6be026c87079,0.010811787410222314
ck_da6d1e5cf6aba6fd,0.018195838479613372
ck_ddc7c1f3d45fe6e6,0.02884410053500727
ck_e1b1e7a7e4a15b3e,0.004865898543088518
ck_8288f7f226e08b89,0.00892314759792912
ck_c4524993ec31dbe5,0.0065665055167616485
ck_8b19bb5b23b6741c,0.01031153891222228
ck_d21b38231a8a9f4a,0.07017477623064002
ck_3f730318a9792292,0.02528540435993966
ck_a4db6e94a8f77f9d,0.08531989739254395
ck_a8cac8d480306839,0.0015504304668184578
ck_5472214011fbc2a7,0.008060616052072178
ck_7356f47dbbbe7904,0.008627383640421638
ck_16801e628e883d78,0.006491279447490875
ck_0dc1e536231c4860,0.008856221902825236
ck_7cd0634a6e60af83,0.005882070496343108
ck_ef6f8e048ae1bd4b,0.0029080814415937658
ck_82f3f744209888ac,0.01521010362282572
ck_f33188c232a03526,0.20912249175201844
ck_4a59f4e10bf45d7f,0.0011232283014808127
ck_d96c893721385e4e,0.0015131621639335256
ck_f65ab819373edb37,0.016371907702281405
ck_21cac21fc10b7768,0.011457035930044908
ck_139b54e6ccbdd7da,0.03840874387083768
ck_d6f5c8741697abb3,0.01608473041857697
ck_a28d9bb5590d458f,0.18041893228917383
ck_ed26d906883bea0a,0.010434934070681664
ck_227602ad072b838b,0.0015469843203028946
ck_39d5f6c17c745ab1,0.0012069135700642196
ck_744eade757ba69b5,0.03323436765289425
ck_c1295d97cdf35ec2,0.01348363065734977
ck_69105f881da3c821,0.013685502692847311
ck_933789b55361d7c1,0.8632789523460177
ck_b667952253503174,0.010585093398724363
ck_7bf668e25abeeb05,0.0033048793103001247
ck_91742711dfdffd56,0.03577460770125984
ck_af32a0660090dd68,0.03520413929691513
ck_2122f201e65f76ee,0.011756876791448167
ck_f48acb73a5d6af07,0.03810813944696495
ck_337c5684510cf432,0.04877034107057782
ck_f7bde7265053364d,0.017001842344857816
ck_c190c7b924edba75,0.15604541579002795
ck_044fa3b3a003f0b5,0.023269240162801918
ck_87eb43e3b9d96169,0.06831655957228436
ck_2d3d6c9364362017,0.0016906826778832961
ck_ac55dc6cbcdf8228,0.00448905804757398
ck_61d7b0568ec5d6cf,0.019792661831200046
ck_89c74feeaffa7d09,0.0044297066536674295
ck_93776b0c113f41f0,0.280689344908558
ck_15e0b679931f7a8d,0.00922276289944147
ck_77b56c49cfdb1d81,0.20098936182372612
ck_73188a826b5f499f,0.009960584160724888
ck_4f463ef25325ddfa,0.2463631946679048
ck_863db2e394dc47d1,0.9700288826647983
ck_d52432ed597f3cc9,0.005386104670114012
ck_04fb61e5739642f8,0.023346782601871736
ck_2e481d75d110c06d,0.047127099138713005
ck_3fa1a523d77cd619,0.020722494382508297
ck_466dc6274fecd708,0.004627201926350553
ck_e1790b3aa2241b10,0.7295346558626139
ck_84ad096a46e1a960,0.12601533785340352
ck_3be72c9c178fa00d,0.021596264206310865
ck_5a17c89219d1d9fe,0.013447858721138994
ck_4f639f4ee6ce8d9e,0.13834365178021962
ck_f4ec4a935e51b4db,0.019597267040365973
ck_f04040a830f92bac,0.008362931689287749
ck_3e4d02a04be2aaf8,0.011045718109566994
ck_4d1baef193cfb900,0.048771951150470255
ck_0fb3153d37626b75,0.0012555673879873384
ck_88ec57a11b11f702,0.9060645091604651
ck_dca9dc465f759db4,0.003928170092995479
ck_64f5fba6af67e024,0.006732196956346848
ck_896096cb167254ef,0.03979871895517574
ck_7878679065876b98,0.04573259671036058
ck_fe8e5a6c880ceb4e,0.0045416554848407755
ck_a5e036327d3d1862,0.002488636821025209
ck_310f73940fc4cf4f,0.015175492035436625
ck_46a8db16ad00b749,0.011003974622277828
ck_0d33977c3de8cfaf,0.9935746310450572
ck_c6fff412f531db0f,0.0010081052776158934
ck_bac6dadf428eaea9,0.038140398509307664
ck_1b96d9af0d7da2d5,0.009615456595363909
ck_fa8a4a9e77799fcc,0.0019178607922432573
ck_0bf48607a874b4d1,0.006372551715014392
ck_eeb75f8a6439f65e,0.02132946247067169
ck_a209a5f7d172125e,0.01858435533378496
ck_8f346b72fb40bf14,0.015629521463610595
ck_bccbf9fef367f00f,0.04640467652961766
ck_2d1548f1ee405cc9,0.007962525952180244
ck_e8298ff2dc1e9d50,0.0041338103469747
ck_77c0fb524edb4a94,0.008599583781705802
ck_28ac4c5134cb8e77,0.07254348566630245
ck_db23a0e3e54be60c,0.5528106007882417
ck_a059d00cee5cee99,0.005577563213020515
ck_3e9e3bba8bd363af,0.006487977351373688
ck_0428728df24cdab4,0.00960293262039184
ck_88cd35378075c84f,0.0014867287384876587
ck_0174d76398d9dc0f,0.023322355960034433
ck_3f1287e6c27de0dc,0.005246435500057001
ck_ff822700f3605e06,0.9911458122792228
ck_4563227b2038ae07,0.14369025543217315
ck_788e78065526ee19,0.04059031352709971
ck_8a16eb584093b12f,0.003694323034880474
ck_cc276f71ab6c08fd,0.03318066151594378
ck_d61d97b21002f3e9,0.07483633812417693
ck_4b2e87d86a5e415c,0.05167977423256935
ck_3e6f35e4500d2f2a,0.001742791694958321
ck_3acdb083e0d8ad61,0.0020977301580119684
ck_cd655202db489010,0.010977139119881912
ck_829cbf5ccda481ae,0.0048477512652908795
ck_f5882e6f98b8b4cd,0.002216449628438466
ck_767947540b234add,0.020839906173447994
ck_a6e8e8f535b1f1d1,0.07972414933216458
ck_58412a2674fea506,0.008327771111456252
ck_fae7e518a585fa61,0.018020654572128775
ck_9c60ae6958d68dbd,0.3749490828259524
ck_328696b8f5e54ec6,0.10749969380492438
ck_7df3f8f4f1068d62,0.002016210321225827
ck_cfadd21458230ef7,0.04256307166000638
ck_7048bedd554c703b,0.00163331172014065
ck_50422466f145bfd7,0.003641233942744036
ck_61e1f7168cd9ff25,0.048692282774600366
ck_733aff0f56f5b3c9,0.12045015357950659
ck_e14892e424180549,0.0040468771931900455
ck_03f6664a96de7d0f,0.01796660936024668
ck_b7f4baa2cc82fe61,0.005248034411721573
ck_1e51199a075ca0fa,0.008221460055266685
ck_0e70516fa07cfb17,0.7146576665700934
ck_0f37c554a5057801,0.5589586331624877
ck_5576b725de38d106,0.013611479300120265
ck_82f360df1e9f4eb8,0.050632167545820596
ck_395f3bd4aacd7ca6,0.011770706326563733
ck_5e8e857b63966609,0.1800267012557316
ck_93470896f0804b6b,0.9882346598718773
ck_3be854e42e76569a,0.004105405425080007
ck_0567302c57a2417e,0.19261636661594775
ck_ee535461b5f05539,0.17489601213229133
ck_94a096c36162a153,0.019965077083367814
ck_dfc8f5c141fd7c63,0.005862994085144323
ck_98b34f2d704c1c2a,0.019250562132337157
ck_96dff7a09d45f116,0.05416146146437906
ck_79557434c129ba52,0.00661895364131546
ck_4596624a7c01d501,0.006330732230884719
ck_04e89fbd739243fa,0.0031716548002173823
ck_6149ffaf18872dc8,0.0017272678688076079
ck_cd78f0832a09bd8f,0.6342275858507954
ck_7e29c10d781c3b41,0.028802643681434707
ck_1f7ee7b23fc6f2f4,0.004512495129080337
ck_c49b685d2b3ab89a,0.007831111103181522
ck_84569a8fc50e73ac,0.021113373864852163
ck_b92b11d205af91eb,0.0019783954369700604
ck_06280e6d6d2485b0,0.0038692438023136947
ck_3c08546dd0c92863,0.012093602948207707
ck_99d3983f907828bf,0.009158072314669294
ck_eccfd552aa652d3c,0.015108891198508756
ck_0cff8153881875ba,0.015214397574374917
ck_c1aebbeca6ab5ff9,0.007185918537468322
ck_538fdbbb3c2bcbbb,0.16142661938425662
ck_8c0210322733c718,0.017091299465894893
ck_0b0c93039f987abc,0.03127777372012641
ck_6d07d6d1bd227d37,0.084511565940561
ck_9b6ee35e8cd0b11c,0.0037192655590776794
ck_d838491d3d4f5ecf,0.004289485778418257
ck_0593ae243a9ebee9,0.012697167178683837
ck_ef261fc09be8eb0b,0.0028013492681353757
ck_d0935b571a4a3868,0.014414775084391533
ck_97d04a67a104af39,0.08443770034180659
ck_e25f70d0b7229420,0.021619846159907526
ck_9b71274ff83de482,0.9595501114528201
ck_6de2aa2bb60978d3,0.0269633652722295
ck_eda55c8fb47593d7,0.008679765187695783
ck_924e572517515f19,0.14762045694987455
ck_d6f27eacbad310f4,0.0073182339221482835
ck_8550f229b5eb03ab,0.006368909904928463
ck_e3e95546a84d0ed8,0.027166521157766153
ck_3135c019696ee6af,0.9742214117399688
ck_41ba315d8fccb559,0.009594458662552945
ck_72b86e4485da2d0f,0.9719718145880047
ck_daaa995f3c2f0e47,0.03608789059006241
ck_053746067839696b,0.032233064837265776
ck_a15fe7d0f4b65c33,0.3723061652311371
ck_15de11438732bb05,0.017090335467854895
ck_2c4d25acbe3fabd9,0.07049311822745417
ck_7f08078908599bd2,0.11628049066066504
ck_e794741742fb2619,0.0511874515725077
ck_238e53b6dee8c301,0.0014739118548412495
ck_53a6a33060d5c8b8,0.0036180946830699106
ck_0e0919292ad33472,0.4685791488951153
ck_d86ccf148c06c8c8,0.062705282217841
ck_c881f26c9bf9ae42,0.5007170545539573
ck_4b0947bf94e9d847,0.011730367190868545
ck_e10ff5c38bd18470,0.03162148075567864
ck_b60de9e97aad9e45,0.5330168592270478
ck_190bc849e5ff5401,0.030713156025390844
ck_e7be077aa0b2632c,0.0046189454587832746
ck_a51abde881ebeff3,0.03477201068227185
ck_2208392a9f6bd249,0.023896959655593967
ck_0259da8f109017e9,0.008950092199315321
ck_05e01ab9c95449da,0.029176601935636648
ck_c82897ebffb6ae66,0.021583833060473418
ck_b4a6bb4689cd7cfa,0.029065674854312672
ck_9e21ea33018ce538,0.011895654861797313
ck_caa348f0e65db062,0.9883454974368627
ck_a964e6b5d8415334,0.3930584001886588
ck_510bfbbee37ff436,0.0042677059158346825
ck_9741a82faf5c7889,0.02521163888061348
ck_e7f61b4a39ba98ac,0.006049853628016871
ck_069d158665a53909,0.05482405524762654
ck_6426427efe3228af,0.03490580714008719
ck_ab4a8d02ec3c0fd7,0.0007708331057597552
ck_aefa0d8d933e0eca,0.0381516339779293
ck_232325ef6bce92f1,0.010132078920888622
ck_14e58c3fb26a2b4d,0.013821914790742624
ck_06e73afdec26aecc,0.13087610415364173
ck_3168f4f2778d64e1,0.01081364476596343
ck_ff3998d6858daa21,0.00126902371718634
ck_bccff46fb0868454,0.43294526075998674
ck_c7d444d90fa86d7c,0.5390537068707427
ck_f0bc3bdee6bfbb94,0.022109293776216926
ck_f7112818a6d81422,0.022607912248784806
ck_aca35dbcb835ad02,0.06683265843395379
ck_f637fabf0f60528f,0.01054820923732647
ck_53d17ab97de1ac3e,0.008313903051140735
ck_c8c1bf16d9113493,0.04632171873295269
ck_e842fb0cf055a83b,0.05034463094289918
ck_93c0cb3dac4891fe,0.005991649056329277
ck_0c1f088e17e46daf,0.032919439833507855
ck_8f4b384955bf57c9,0.008241526458878098
ck_09cd5c4df1e81ac2,0.012065274773092436
ck_1e832a5b2342554f,0.049139934883797386
ck_2cb763a881aee27f,0.00363561382916159
ck_5875828b11406398,0.011469042608201299
ck_48e84b0cb0b90fa7,0.029819050948144996
ck_833688de8629c5c0,0.002060344080390952
ck_117d78ccd5820f36,0.027621197216851655
ck_668ec61c4c39cae3,0.0015700699358218385
ck_73a7794b659d7a34,0.009626770737308214
ck_10f90d879209734f,0.010043754575199597
ck_d1d079913aa158bf,0.003937356088195523
ck_01c631b38e8a9535,0.03593340076031224
ck_f6923088c17a04e2,0.09726967692245031
ck_b447badc9138987d,0.005234560721116706
ck_8b772caed8f1541c,0.005543831425529997
ck_5403c76fe68a08ba,0.21776836353597986
ck_3e6833574edf1736,0.011377317130521545
ck_e527fbb9450a4581,0.7604173288119942
ck_cc90e219f1ebf390,0.001430640887728354
